[BallInCupTakeOutEnv] Using render backend 'egl'
Training task: ball_in_cup_release
Saved run manifest: /home/y/Simer/exam/train_dmcontrol_dreamerv3_ball_in_cup_release_30k/output/run_manifest.json
step=200 episode=0 return=87.0000 length=200
step=400 episode=0 return=287.0000 length=400
step=600 episode=1 return=3.0000 length=100
step=800 episode=1 return=28.0000 length=300
step=1000 episode=1 return=47.0000 length=500
step=1200 episode=2 return=17.0000 length=200
step=1400 episode=2 return=41.0000 length=400
step=1600 episode=3 return=22.0000 length=100
step=1800 episode=3 return=63.0000 length=300
step=2000 episode=3 return=106.0000 length=500
step=2200 episode=4 return=0.0000 length=200
step=2400 episode=4 return=11.0000 length=400
step=2600 episode=5 return=8.0000 length=100
step=2800 episode=5 return=31.0000 length=300
step=3000 episode=5 return=31.0000 length=500
step=3200 episode=6 return=0.0000 length=200
step=3400 episode=6 return=0.0000 length=400
step=3600 episode=7 return=6.0000 length=100
step=3800 episode=7 return=20.0000 length=300
step=4000 episode=7 return=45.0000 length=500
step=4200 episode=8 return=3.0000 length=200
step=4400 episode=8 return=3.0000 length=400
step=4600 episode=9 return=8.0000 length=100
step=4800 episode=9 return=8.0000 length=300
step=5000 episode=9 return=8.0000 length=500
[BallInCupTakeOutEnv] Using render backend 'egl'
Running evaluation at step=5000 ...
Eval episode 1 finished with return 11.0000 over 500 steps success=0
Eval episode 2 finished with return 14.0000 over 500 steps success=0
Eval episode 3 finished with return 14.0000 over 500 steps success=0
Eval episode 4 finished with return 12.0000 over 500 steps success=0
Eval episode 5 finished with return 8.0000 over 500 steps success=0
Eval episode 6 finished with return 11.0000 over 500 steps success=0
Eval episode 7 finished with return 10.0000 over 500 steps success=0
Eval episode 8 finished with return 8.0000 over 500 steps success=0
Eval episode 9 finished with return 12.0000 over 500 steps success=0
Eval episode 10 finished with return 11.0000 over 500 steps success=0
Eval episode 11 finished with return 11.0000 over 500 steps success=0
Eval episode 12 finished with return 11.0000 over 500 steps success=0
Eval episode 13 finished with return 9.0000 over 500 steps success=0
Eval episode 14 finished with return 13.0000 over 500 steps success=0
Eval episode 15 finished with return 5.0000 over 500 steps success=0
Eval episode 16 finished with return 12.0000 over 500 steps success=0
Eval episode 17 finished with return 12.0000 over 500 steps success=0
Eval episode 18 finished with return 0.0000 over 500 steps success=0
Eval episode 19 finished with return 11.0000 over 500 steps success=0
Eval episode 20 finished with return 9.0000 over 500 steps success=0
Eval episode 21 finished with return 12.0000 over 500 steps success=0
Eval episode 22 finished with return 11.0000 over 500 steps success=0
Eval episode 23 finished with return 12.0000 over 500 steps success=0
Eval episode 24 finished with return 12.0000 over 500 steps success=0
Eval episode 25 finished with return 11.0000 over 500 steps success=0
Eval episode 26 finished with return 10.0000 over 500 steps success=0
Eval episode 27 finished with return 10.0000 over 500 steps success=0
Eval episode 28 finished with return 10.0000 over 500 steps success=0
Eval episode 29 finished with return 11.0000 over 500 steps success=0
Eval episode 30 finished with return 12.0000 over 500 steps success=0
Eval episode 31 finished with return 13.0000 over 500 steps success=0
Eval episode 32 finished with return 8.0000 over 500 steps success=0
Eval episode 33 finished with return 12.0000 over 500 steps success=0
Eval episode 34 finished with return 10.0000 over 500 steps success=0
Eval episode 35 finished with return 12.0000 over 500 steps success=0
Eval episode 36 finished with return 11.0000 over 500 steps success=0
Eval episode 37 finished with return 11.0000 over 500 steps success=0
Eval episode 38 finished with return 12.0000 over 500 steps success=0
Eval episode 39 finished with return 11.0000 over 500 steps success=0
Eval episode 40 finished with return 6.0000 over 500 steps success=0
Eval episode 41 finished with return 1.0000 over 500 steps success=0
Eval episode 42 finished with return 9.0000 over 500 steps success=0
Eval episode 43 finished with return 11.0000 over 500 steps success=0
Eval episode 44 finished with return 12.0000 over 500 steps success=0
Eval episode 45 finished with return 2.0000 over 500 steps success=0
Eval episode 46 finished with return 5.0000 over 500 steps success=0
Eval episode 47 finished with return 11.0000 over 500 steps success=0
Eval episode 48 finished with return 12.0000 over 500 steps success=0
Eval episode 49 finished with return 11.0000 over 500 steps success=0
Eval episode 50 finished with return 9.0000 over 500 steps success=0
Eval episode 51 finished with return 10.0000 over 500 steps success=0
Eval episode 52 finished with return 9.0000 over 500 steps success=0
Eval episode 53 finished with return 11.0000 over 500 steps success=0
Eval episode 54 finished with return 9.0000 over 500 steps success=0
Eval episode 55 finished with return 13.0000 over 500 steps success=0
Eval episode 56 finished with return 7.0000 over 500 steps success=0
Eval episode 57 finished with return 13.0000 over 500 steps success=0
Eval episode 58 finished with return 13.0000 over 500 steps success=0
Eval episode 59 finished with return 10.0000 over 500 steps success=0
Eval episode 60 finished with return 11.0000 over 500 steps success=0
Eval episode 61 finished with return 9.0000 over 500 steps success=0
Eval episode 62 finished with return 11.0000 over 500 steps success=0
Eval episode 63 finished with return 13.0000 over 500 steps success=0
Eval episode 64 finished with return 11.0000 over 500 steps success=0
Eval episode 65 finished with return 11.0000 over 500 steps success=0
Eval episode 66 finished with return 11.0000 over 500 steps success=0
Eval episode 67 finished with return 1.0000 over 500 steps success=0
Eval episode 68 finished with return 13.0000 over 500 steps success=0
Eval episode 69 finished with return 12.0000 over 500 steps success=0
Eval episode 70 finished with return 12.0000 over 500 steps success=0
Eval episode 71 finished with return 10.0000 over 500 steps success=0
Eval episode 72 finished with return 12.0000 over 500 steps success=0
Eval episode 73 finished with return 13.0000 over 500 steps success=0
Eval episode 74 finished with return 12.0000 over 500 steps success=0
Eval episode 75 finished with return 10.0000 over 500 steps success=0
Eval episode 76 finished with return 13.0000 over 500 steps success=0
Eval episode 77 finished with return 13.0000 over 500 steps success=0
Eval episode 78 finished with return 10.0000 over 500 steps success=0
Eval episode 79 finished with return 11.0000 over 500 steps success=0
Eval episode 80 finished with return 11.0000 over 500 steps success=0
Eval episode 81 finished with return 0.0000 over 500 steps success=0
Eval episode 82 finished with return 12.0000 over 500 steps success=0
Eval episode 83 finished with return 11.0000 over 500 steps success=0
Eval episode 84 finished with return 9.0000 over 500 steps success=0
Eval episode 85 finished with return 11.0000 over 500 steps success=0
Eval episode 86 finished with return 10.0000 over 500 steps success=0
Eval episode 87 finished with return 12.0000 over 500 steps success=0
Eval episode 88 finished with return 9.0000 over 500 steps success=0
Eval episode 89 finished with return 12.0000 over 500 steps success=0
Eval episode 90 finished with return 10.0000 over 500 steps success=0
Eval episode 91 finished with return 9.0000 over 500 steps success=0
Eval episode 92 finished with return 15.0000 over 500 steps success=0
Eval episode 93 finished with return 11.0000 over 500 steps success=0
Eval episode 94 finished with return 13.0000 over 500 steps success=0
Eval episode 95 finished with return 12.0000 over 500 steps success=0
Eval episode 96 finished with return 11.0000 over 500 steps success=0
Eval episode 97 finished with return 10.0000 over 500 steps success=0
Eval episode 98 finished with return 10.0000 over 500 steps success=0
Eval episode 99 finished with return 11.0000 over 500 steps success=0
Eval episode 100 finished with return 10.0000 over 500 steps success=0
Eval episode 101 finished with return 0.0000 over 500 steps success=0
Eval episode 102 finished with return 11.0000 over 500 steps success=0
Eval episode 103 finished with return 8.0000 over 500 steps success=0
Eval episode 104 finished with return 13.0000 over 500 steps success=0
Eval episode 105 finished with return 10.0000 over 500 steps success=0
Eval episode 106 finished with return 9.0000 over 500 steps success=0
Eval episode 107 finished with return 11.0000 over 500 steps success=0
Eval episode 108 finished with return 9.0000 over 500 steps success=0
Eval episode 109 finished with return 11.0000 over 500 steps success=0
Eval episode 110 finished with return 10.0000 over 500 steps success=0
Eval episode 111 finished with return 11.0000 over 500 steps success=0
Eval episode 112 finished with return 10.0000 over 500 steps success=0
Eval episode 113 finished with return 11.0000 over 500 steps success=0
Eval episode 114 finished with return 9.0000 over 500 steps success=0
Eval episode 115 finished with return 11.0000 over 500 steps success=0
Eval episode 116 finished with return 12.0000 over 500 steps success=0
Eval episode 117 finished with return 13.0000 over 500 steps success=0
Eval episode 118 finished with return 11.0000 over 500 steps success=0
Eval episode 119 finished with return 14.0000 over 500 steps success=0
Eval episode 120 finished with return 8.0000 over 500 steps success=0
Eval episode 121 finished with return 12.0000 over 500 steps success=0
Eval episode 122 finished with return 12.0000 over 500 steps success=0
Eval episode 123 finished with return 12.0000 over 500 steps success=0
Eval episode 124 finished with return 10.0000 over 500 steps success=0
Eval episode 125 finished with return 11.0000 over 500 steps success=0
Eval episode 126 finished with return 11.0000 over 500 steps success=0
Eval episode 127 finished with return 9.0000 over 500 steps success=0
Eval episode 128 finished with return 12.0000 over 500 steps success=0
Eval episode 129 finished with return 10.0000 over 500 steps success=0
Eval episode 130 finished with return 11.0000 over 500 steps success=0
Eval episode 131 finished with return 12.0000 over 500 steps success=0
Eval episode 132 finished with return 10.0000 over 500 steps success=0
Eval episode 133 finished with return 11.0000 over 500 steps success=0
Eval episode 134 finished with return 11.0000 over 500 steps success=0
Eval episode 135 finished with return 11.0000 over 500 steps success=0
Eval episode 136 finished with return 12.0000 over 500 steps success=0
Eval episode 137 finished with return 12.0000 over 500 steps success=0
Eval episode 138 finished with return 12.0000 over 500 steps success=0
Eval episode 139 finished with return 7.0000 over 500 steps success=0
Eval episode 140 finished with return 11.0000 over 500 steps success=0
Eval episode 141 finished with return 12.0000 over 500 steps success=0
Eval episode 142 finished with return 12.0000 over 500 steps success=0
Eval episode 143 finished with return 10.0000 over 500 steps success=0
Eval episode 144 finished with return 15.0000 over 500 steps success=0
Eval episode 145 finished with return 11.0000 over 500 steps success=0
Eval episode 146 finished with return 11.0000 over 500 steps success=0
Eval episode 147 finished with return 10.0000 over 500 steps success=0
Eval episode 148 finished with return 9.0000 over 500 steps success=0
Eval episode 149 finished with return 10.0000 over 500 steps success=0
Eval episode 150 finished with return 11.0000 over 500 steps success=0
Eval episode 151 finished with return 4.0000 over 500 steps success=0
Eval episode 152 finished with return 12.0000 over 500 steps success=0
Eval episode 153 finished with return 11.0000 over 500 steps success=0
Eval episode 154 finished with return 10.0000 over 500 steps success=0
Eval episode 155 finished with return 13.0000 over 500 steps success=0
Eval episode 156 finished with return 11.0000 over 500 steps success=0
Eval episode 157 finished with return 11.0000 over 500 steps success=0
Eval episode 158 finished with return 9.0000 over 500 steps success=0
Eval episode 159 finished with return 10.0000 over 500 steps success=0
Eval episode 160 finished with return 12.0000 over 500 steps success=0
Eval episode 161 finished with return 11.0000 over 500 steps success=0
Eval episode 162 finished with return 11.0000 over 500 steps success=0
Eval episode 163 finished with return 7.0000 over 500 steps success=0
Eval episode 164 finished with return 2.0000 over 500 steps success=0
Eval episode 165 finished with return 10.0000 over 500 steps success=0
Eval episode 166 finished with return 10.0000 over 500 steps success=0
Eval episode 167 finished with return 10.0000 over 500 steps success=0
Eval episode 168 finished with return 12.0000 over 500 steps success=0
Eval episode 169 finished with return 11.0000 over 500 steps success=0
Eval episode 170 finished with return 13.0000 over 500 steps success=0
Eval episode 171 finished with return 9.0000 over 500 steps success=0
Eval episode 172 finished with return 9.0000 over 500 steps success=0
Eval episode 173 finished with return 10.0000 over 500 steps success=0
Eval episode 174 finished with return 8.0000 over 500 steps success=0
Eval episode 175 finished with return 10.0000 over 500 steps success=0
Eval episode 176 finished with return 9.0000 over 500 steps success=0
Eval episode 177 finished with return 9.0000 over 500 steps success=0
Eval episode 178 finished with return 11.0000 over 500 steps success=0
Eval episode 179 finished with return 13.0000 over 500 steps success=0
Eval episode 180 finished with return 9.0000 over 500 steps success=0
Eval episode 181 finished with return 10.0000 over 500 steps success=0
Eval episode 182 finished with return 12.0000 over 500 steps success=0
Eval episode 183 finished with return 7.0000 over 500 steps success=0
Eval episode 184 finished with return 10.0000 over 500 steps success=0
Eval episode 185 finished with return 10.0000 over 500 steps success=0
Eval episode 186 finished with return 11.0000 over 500 steps success=0
Eval episode 187 finished with return 7.0000 over 500 steps success=0
Eval episode 188 finished with return 11.0000 over 500 steps success=0
Eval episode 189 finished with return 9.0000 over 500 steps success=0
Eval episode 190 finished with return 11.0000 over 500 steps success=0
Eval episode 191 finished with return 10.0000 over 500 steps success=0
Eval episode 192 finished with return 12.0000 over 500 steps success=0
Eval episode 193 finished with return 12.0000 over 500 steps success=0
Eval episode 194 finished with return 11.0000 over 500 steps success=0
Eval episode 195 finished with return 11.0000 over 500 steps success=0
Eval episode 196 finished with return 12.0000 over 500 steps success=0
Eval episode 197 finished with return 11.0000 over 500 steps success=0
Eval episode 198 finished with return 10.0000 over 500 steps success=0
Eval episode 199 finished with return 12.0000 over 500 steps success=0
Eval episode 200 finished with return 12.0000 over 500 steps success=0
Eval episode 201 finished with return 12.0000 over 500 steps success=0
Eval episode 202 finished with return 8.0000 over 500 steps success=0
Eval episode 203 finished with return 13.0000 over 500 steps success=0
Eval episode 204 finished with return 11.0000 over 500 steps success=0
Eval episode 205 finished with return 10.0000 over 500 steps success=0
Eval episode 206 finished with return 11.0000 over 500 steps success=0
Eval episode 207 finished with return 13.0000 over 500 steps success=0
Eval episode 208 finished with return 13.0000 over 500 steps success=0
Eval episode 209 finished with return 12.0000 over 500 steps success=0
Eval episode 210 finished with return 12.0000 over 500 steps success=0
Eval episode 211 finished with return 14.0000 over 500 steps success=0
Eval episode 212 finished with return 11.0000 over 500 steps success=0
Eval episode 213 finished with return 12.0000 over 500 steps success=0
Eval episode 214 finished with return 7.0000 over 500 steps success=0
Eval episode 215 finished with return 4.0000 over 500 steps success=0
Eval episode 216 finished with return 11.0000 over 500 steps success=0
Eval episode 217 finished with return 14.0000 over 500 steps success=0
Eval episode 218 finished with return 10.0000 over 500 steps success=0
Eval episode 219 finished with return 11.0000 over 500 steps success=0
Eval episode 220 finished with return 9.0000 over 500 steps success=0
Eval episode 221 finished with return 14.0000 over 500 steps success=0
Eval episode 222 finished with return 12.0000 over 500 steps success=0
Eval episode 223 finished with return 10.0000 over 500 steps success=0
Eval episode 224 finished with return 11.0000 over 500 steps success=0
Eval episode 225 finished with return 10.0000 over 500 steps success=0
Eval episode 226 finished with return 13.0000 over 500 steps success=0
Eval episode 227 finished with return 11.0000 over 500 steps success=0
Eval episode 228 finished with return 1.0000 over 500 steps success=0
Eval episode 229 finished with return 9.0000 over 500 steps success=0
Eval episode 230 finished with return 11.0000 over 500 steps success=0
Eval episode 231 finished with return 11.0000 over 500 steps success=0
Eval episode 232 finished with return 12.0000 over 500 steps success=0
Eval episode 233 finished with return 10.0000 over 500 steps success=0
Eval episode 234 finished with return 10.0000 over 500 steps success=0
Eval episode 235 finished with return 12.0000 over 500 steps success=0
Eval episode 236 finished with return 9.0000 over 500 steps success=0
Eval episode 237 finished with return 9.0000 over 500 steps success=0
Eval episode 238 finished with return 9.0000 over 500 steps success=0
Eval episode 239 finished with return 12.0000 over 500 steps success=0
Eval episode 240 finished with return 13.0000 over 500 steps success=0
Eval episode 241 finished with return 0.0000 over 500 steps success=0
Eval episode 242 finished with return 11.0000 over 500 steps success=0
Eval episode 243 finished with return 11.0000 over 500 steps success=0
Eval episode 244 finished with return 13.0000 over 500 steps success=0
Eval episode 245 finished with return 11.0000 over 500 steps success=0
Eval episode 246 finished with return 10.0000 over 500 steps success=0
Eval episode 247 finished with return 11.0000 over 500 steps success=0
Eval episode 248 finished with return 13.0000 over 500 steps success=0
Eval episode 249 finished with return 10.0000 over 500 steps success=0
Eval episode 250 finished with return 9.0000 over 500 steps success=0
Eval episode 251 finished with return 10.0000 over 500 steps success=0
Eval episode 252 finished with return 10.0000 over 500 steps success=0
Eval episode 253 finished with return 9.0000 over 500 steps success=0
Eval episode 254 finished with return 12.0000 over 500 steps success=0
Eval episode 255 finished with return 12.0000 over 500 steps success=0
Eval episode 256 finished with return 11.0000 over 500 steps success=0
Eval episode 257 finished with return 11.0000 over 500 steps success=0
Eval episode 258 finished with return 11.0000 over 500 steps success=0
Eval episode 259 finished with return 12.0000 over 500 steps success=0
Eval episode 260 finished with return 11.0000 over 500 steps success=0
Eval episode 261 finished with return 8.0000 over 500 steps success=0
Eval episode 262 finished with return 9.0000 over 500 steps success=0
Eval episode 263 finished with return 11.0000 over 500 steps success=0
Eval episode 264 finished with return 12.0000 over 500 steps success=0
Eval episode 265 finished with return 12.0000 over 500 steps success=0
Eval episode 266 finished with return 11.0000 over 500 steps success=0
Eval episode 267 finished with return 12.0000 over 500 steps success=0
Eval episode 268 finished with return 12.0000 over 500 steps success=0
Eval episode 269 finished with return 13.0000 over 500 steps success=0
Eval episode 270 finished with return 12.0000 over 500 steps success=0
Eval episode 271 finished with return 9.0000 over 500 steps success=0
Eval episode 272 finished with return 11.0000 over 500 steps success=0
Eval episode 273 finished with return 10.0000 over 500 steps success=0
Eval episode 274 finished with return 10.0000 over 500 steps success=0
Eval episode 275 finished with return 12.0000 over 500 steps success=0
Eval episode 276 finished with return 9.0000 over 500 steps success=0
Eval episode 277 finished with return 14.0000 over 500 steps success=0
Eval episode 278 finished with return 11.0000 over 500 steps success=0
Eval episode 279 finished with return 12.0000 over 500 steps success=0
Eval episode 280 finished with return 11.0000 over 500 steps success=0
Eval episode 281 finished with return 13.0000 over 500 steps success=0
Eval episode 282 finished with return 10.0000 over 500 steps success=0
Eval episode 283 finished with return 12.0000 over 500 steps success=0
Eval episode 284 finished with return 11.0000 over 500 steps success=0
Eval episode 285 finished with return 11.0000 over 500 steps success=0
Eval episode 286 finished with return 12.0000 over 500 steps success=0
Eval episode 287 finished with return 9.0000 over 500 steps success=0
Eval episode 288 finished with return 12.0000 over 500 steps success=0
Eval episode 289 finished with return 12.0000 over 500 steps success=0
Eval episode 290 finished with return 10.0000 over 500 steps success=0
Eval episode 291 finished with return 11.0000 over 500 steps success=0
Eval episode 292 finished with return 13.0000 over 500 steps success=0
Eval episode 293 finished with return 7.0000 over 500 steps success=0
Eval episode 294 finished with return 10.0000 over 500 steps success=0
Eval episode 295 finished with return 12.0000 over 500 steps success=0
Eval episode 296 finished with return 13.0000 over 500 steps success=0
Eval episode 297 finished with return 8.0000 over 500 steps success=0
Eval episode 298 finished with return 0.0000 over 500 steps success=0
Eval episode 299 finished with return 10.0000 over 500 steps success=0
Eval episode 300 finished with return 8.0000 over 500 steps success=0
Eval episode 301 finished with return 10.0000 over 500 steps success=0
Eval episode 302 finished with return 12.0000 over 500 steps success=0
Eval episode 303 finished with return 12.0000 over 500 steps success=0
Eval episode 304 finished with return 12.0000 over 500 steps success=0
Eval episode 305 finished with return 11.0000 over 500 steps success=0
Eval episode 306 finished with return 10.0000 over 500 steps success=0
Eval episode 307 finished with return 11.0000 over 500 steps success=0
Eval episode 308 finished with return 8.0000 over 500 steps success=0
Eval episode 309 finished with return 9.0000 over 500 steps success=0
Eval episode 310 finished with return 9.0000 over 500 steps success=0
Eval episode 311 finished with return 12.0000 over 500 steps success=0
Eval episode 312 finished with return 13.0000 over 500 steps success=0
Eval episode 313 finished with return 11.0000 over 500 steps success=0
Eval episode 314 finished with return 12.0000 over 500 steps success=0
Eval episode 315 finished with return 12.0000 over 500 steps success=0
Eval episode 316 finished with return 10.0000 over 500 steps success=0
Eval episode 317 finished with return 9.0000 over 500 steps success=0
Eval episode 318 finished with return 11.0000 over 500 steps success=0
Eval episode 319 finished with return 13.0000 over 500 steps success=0
Eval episode 320 finished with return 11.0000 over 500 steps success=0
Eval episode 321 finished with return 12.0000 over 500 steps success=0
Eval episode 322 finished with return 14.0000 over 500 steps success=0
Eval episode 323 finished with return 8.0000 over 500 steps success=0
Eval episode 324 finished with return 12.0000 over 500 steps success=0
Eval episode 325 finished with return 11.0000 over 500 steps success=0
Eval episode 326 finished with return 12.0000 over 500 steps success=0
Eval episode 327 finished with return 10.0000 over 500 steps success=0
Eval episode 328 finished with return 10.0000 over 500 steps success=0
Eval episode 329 finished with return 11.0000 over 500 steps success=0
Eval episode 330 finished with return 11.0000 over 500 steps success=0
Eval episode 331 finished with return 12.0000 over 500 steps success=0
Eval episode 332 finished with return 11.0000 over 500 steps success=0
Eval episode 333 finished with return 11.0000 over 500 steps success=0
Eval episode 334 finished with return 12.0000 over 500 steps success=0
Eval episode 335 finished with return 10.0000 over 500 steps success=0
Eval episode 336 finished with return 12.0000 over 500 steps success=0
Eval episode 337 finished with return 11.0000 over 500 steps success=0
Eval episode 338 finished with return 10.0000 over 500 steps success=0
Eval episode 339 finished with return 13.0000 over 500 steps success=0
Eval episode 340 finished with return 8.0000 over 500 steps success=0
Eval episode 341 finished with return 14.0000 over 500 steps success=0
Eval episode 342 finished with return 11.0000 over 500 steps success=0
Eval episode 343 finished with return 10.0000 over 500 steps success=0
Eval episode 344 finished with return 12.0000 over 500 steps success=0
Eval episode 345 finished with return 11.0000 over 500 steps success=0
Eval episode 346 finished with return 12.0000 over 500 steps success=0
Eval episode 347 finished with return 9.0000 over 500 steps success=0
Eval episode 348 finished with return 10.0000 over 500 steps success=0
Eval episode 349 finished with return 7.0000 over 500 steps success=0
Eval episode 350 finished with return 11.0000 over 500 steps success=0
Eval episode 351 finished with return 11.0000 over 500 steps success=0
Eval episode 352 finished with return 14.0000 over 500 steps success=0
Eval episode 353 finished with return 10.0000 over 500 steps success=0
Eval episode 354 finished with return 13.0000 over 500 steps success=0
Eval episode 355 finished with return 13.0000 over 500 steps success=0
Eval episode 356 finished with return 12.0000 over 500 steps success=0
Eval episode 357 finished with return 10.0000 over 500 steps success=0
Eval episode 358 finished with return 13.0000 over 500 steps success=0
Eval episode 359 finished with return 11.0000 over 500 steps success=0
Eval episode 360 finished with return 14.0000 over 500 steps success=0
Eval episode 361 finished with return 10.0000 over 500 steps success=0
Eval episode 362 finished with return 13.0000 over 500 steps success=0
Eval episode 363 finished with return 13.0000 over 500 steps success=0
Eval episode 364 finished with return 11.0000 over 500 steps success=0
Eval episode 365 finished with return 13.0000 over 500 steps success=0
Eval episode 366 finished with return 12.0000 over 500 steps success=0
Eval episode 367 finished with return 12.0000 over 500 steps success=0
Eval episode 368 finished with return 5.0000 over 500 steps success=0
Eval episode 369 finished with return 10.0000 over 500 steps success=0
Eval episode 370 finished with return 12.0000 over 500 steps success=0
Eval episode 371 finished with return 10.0000 over 500 steps success=0
Eval episode 372 finished with return 3.0000 over 500 steps success=0
Eval episode 373 finished with return 3.0000 over 500 steps success=0
Eval episode 374 finished with return 10.0000 over 500 steps success=0
Eval episode 375 finished with return 10.0000 over 500 steps success=0
Eval episode 376 finished with return 10.0000 over 500 steps success=0
Eval episode 377 finished with return 11.0000 over 500 steps success=0
Eval episode 378 finished with return 11.0000 over 500 steps success=0
Eval episode 379 finished with return 11.0000 over 500 steps success=0
Eval episode 380 finished with return 11.0000 over 500 steps success=0
Eval episode 381 finished with return 12.0000 over 500 steps success=0
Eval episode 382 finished with return 13.0000 over 500 steps success=0
Eval episode 383 finished with return 13.0000 over 500 steps success=0
Eval episode 384 finished with return 10.0000 over 500 steps success=0
Eval episode 385 finished with return 8.0000 over 500 steps success=0
Eval episode 386 finished with return 10.0000 over 500 steps success=0
Eval episode 387 finished with return 14.0000 over 500 steps success=0
Eval episode 388 finished with return 0.0000 over 500 steps success=0
Eval episode 389 finished with return 12.0000 over 500 steps success=0
Eval episode 390 finished with return 11.0000 over 500 steps success=0
Eval episode 391 finished with return 11.0000 over 500 steps success=0
Eval episode 392 finished with return 12.0000 over 500 steps success=0
Eval episode 393 finished with return 11.0000 over 500 steps success=0
Eval episode 394 finished with return 11.0000 over 500 steps success=0
Eval episode 395 finished with return 11.0000 over 500 steps success=0
Eval episode 396 finished with return 10.0000 over 500 steps success=0
Eval episode 397 finished with return 10.0000 over 500 steps success=0
Eval episode 398 finished with return 11.0000 over 500 steps success=0
Eval episode 399 finished with return 8.0000 over 500 steps success=0
Eval episode 400 finished with return 10.0000 over 500 steps success=0
Eval episode 401 finished with return 12.0000 over 500 steps success=0
Eval episode 402 finished with return 11.0000 over 500 steps success=0
Eval episode 403 finished with return 9.0000 over 500 steps success=0
Eval episode 404 finished with return 10.0000 over 500 steps success=0
Eval episode 405 finished with return 10.0000 over 500 steps success=0
Eval episode 406 finished with return 12.0000 over 500 steps success=0
Eval episode 407 finished with return 11.0000 over 500 steps success=0
Eval episode 408 finished with return 1.0000 over 500 steps success=0
Eval episode 409 finished with return 11.0000 over 500 steps success=0
Eval episode 410 finished with return 11.0000 over 500 steps success=0
Eval episode 411 finished with return 8.0000 over 500 steps success=0
Eval episode 412 finished with return 8.0000 over 500 steps success=0
Eval episode 413 finished with return 10.0000 over 500 steps success=0
Eval episode 414 finished with return 11.0000 over 500 steps success=0
Eval episode 415 finished with return 15.0000 over 500 steps success=0
Eval episode 416 finished with return 11.0000 over 500 steps success=0
Eval episode 417 finished with return 11.0000 over 500 steps success=0
Eval episode 418 finished with return 9.0000 over 500 steps success=0
Eval episode 419 finished with return 11.0000 over 500 steps success=0
Eval episode 420 finished with return 12.0000 over 500 steps success=0
Eval episode 421 finished with return 13.0000 over 500 steps success=0
Eval episode 422 finished with return 9.0000 over 500 steps success=0
Eval episode 423 finished with return 12.0000 over 500 steps success=0
Eval episode 424 finished with return 10.0000 over 500 steps success=0
Eval episode 425 finished with return 11.0000 over 500 steps success=0
Eval episode 426 finished with return 11.0000 over 500 steps success=0
Eval episode 427 finished with return 14.0000 over 500 steps success=0
Eval episode 428 finished with return 11.0000 over 500 steps success=0
Eval episode 429 finished with return 9.0000 over 500 steps success=0
Eval episode 430 finished with return 9.0000 over 500 steps success=0
Eval episode 431 finished with return 15.0000 over 500 steps success=0
Eval episode 432 finished with return 2.0000 over 500 steps success=0
Eval episode 433 finished with return 11.0000 over 500 steps success=0
Eval episode 434 finished with return 11.0000 over 500 steps success=0
Eval episode 435 finished with return 11.0000 over 500 steps success=0
Eval episode 436 finished with return 2.0000 over 500 steps success=0
Eval episode 437 finished with return 11.0000 over 500 steps success=0
Eval episode 438 finished with return 15.0000 over 500 steps success=0
Eval episode 439 finished with return 12.0000 over 500 steps success=0
Eval episode 440 finished with return 10.0000 over 500 steps success=0
Eval episode 441 finished with return 11.0000 over 500 steps success=0
Eval episode 442 finished with return 9.0000 over 500 steps success=0
Eval episode 443 finished with return 11.0000 over 500 steps success=0
Eval episode 444 finished with return 10.0000 over 500 steps success=0
Eval episode 445 finished with return 9.0000 over 500 steps success=0
Eval episode 446 finished with return 11.0000 over 500 steps success=0
Eval episode 447 finished with return 11.0000 over 500 steps success=0
Eval episode 448 finished with return 7.0000 over 500 steps success=0
Eval episode 449 finished with return 13.0000 over 500 steps success=0
Eval episode 450 finished with return 12.0000 over 500 steps success=0
Eval episode 451 finished with return 11.0000 over 500 steps success=0
Eval episode 452 finished with return 11.0000 over 500 steps success=0
Eval episode 453 finished with return 11.0000 over 500 steps success=0
Eval episode 454 finished with return 11.0000 over 500 steps success=0
Eval episode 455 finished with return 15.0000 over 500 steps success=0
Eval episode 456 finished with return 13.0000 over 500 steps success=0
Eval episode 457 finished with return 12.0000 over 500 steps success=0
Eval episode 458 finished with return 11.0000 over 500 steps success=0
Eval episode 459 finished with return 10.0000 over 500 steps success=0
Eval episode 460 finished with return 9.0000 over 500 steps success=0
Eval episode 461 finished with return 13.0000 over 500 steps success=0
Eval episode 462 finished with return 13.0000 over 500 steps success=0
Eval episode 463 finished with return 11.0000 over 500 steps success=0
Eval episode 464 finished with return 12.0000 over 500 steps success=0
Eval episode 465 finished with return 11.0000 over 500 steps success=0
Eval episode 466 finished with return 12.0000 over 500 steps success=0
Eval episode 467 finished with return 12.0000 over 500 steps success=0
Eval episode 468 finished with return 9.0000 over 500 steps success=0
Eval episode 469 finished with return 0.0000 over 500 steps success=0
Eval episode 470 finished with return 9.0000 over 500 steps success=0
Eval episode 471 finished with return 14.0000 over 500 steps success=0
Eval episode 472 finished with return 11.0000 over 500 steps success=0
Eval episode 473 finished with return 1.0000 over 500 steps success=0
Eval episode 474 finished with return 12.0000 over 500 steps success=0
Eval episode 475 finished with return 13.0000 over 500 steps success=0
Eval episode 476 finished with return 6.0000 over 500 steps success=0
Eval episode 477 finished with return 12.0000 over 500 steps success=0
Eval episode 478 finished with return 13.0000 over 500 steps success=0
Eval episode 479 finished with return 8.0000 over 500 steps success=0
Eval episode 480 finished with return 13.0000 over 500 steps success=0
Eval episode 481 finished with return 9.0000 over 500 steps success=0
Eval episode 482 finished with return 2.0000 over 500 steps success=0
Eval episode 483 finished with return 7.0000 over 500 steps success=0
Eval episode 484 finished with return 13.0000 over 500 steps success=0
Eval episode 485 finished with return 10.0000 over 500 steps success=0
Eval episode 486 finished with return 12.0000 over 500 steps success=0
Eval episode 487 finished with return 9.0000 over 500 steps success=0
Eval episode 488 finished with return 11.0000 over 500 steps success=0
Eval episode 489 finished with return 1.0000 over 500 steps success=0
Eval episode 490 finished with return 13.0000 over 500 steps success=0
Eval episode 491 finished with return 10.0000 over 500 steps success=0
Eval episode 492 finished with return 12.0000 over 500 steps success=0
Eval episode 493 finished with return 11.0000 over 500 steps success=0
Eval episode 494 finished with return 12.0000 over 500 steps success=0
Eval episode 495 finished with return 14.0000 over 500 steps success=0
Eval episode 496 finished with return 9.0000 over 500 steps success=0
Eval episode 497 finished with return 12.0000 over 500 steps success=0
Eval episode 498 finished with return 11.0000 over 500 steps success=0
Eval episode 499 finished with return 8.0000 over 500 steps success=0
Eval episode 500 finished with return 10.0000 over 500 steps success=0
Eval episode 501 finished with return 11.0000 over 500 steps success=0
Eval episode 502 finished with return 12.0000 over 500 steps success=0
Eval episode 503 finished with return 12.0000 over 500 steps success=0
Eval episode 504 finished with return 9.0000 over 500 steps success=0
Eval episode 505 finished with return 13.0000 over 500 steps success=0
Eval episode 506 finished with return 0.0000 over 500 steps success=0
Eval episode 507 finished with return 11.0000 over 500 steps success=0
Eval episode 508 finished with return 5.0000 over 500 steps success=0
Eval episode 509 finished with return 13.0000 over 500 steps success=0
Eval episode 510 finished with return 11.0000 over 500 steps success=0
Eval episode 511 finished with return 10.0000 over 500 steps success=0
Eval episode 512 finished with return 11.0000 over 500 steps success=0
Eval episode 513 finished with return 10.0000 over 500 steps success=0
Eval episode 514 finished with return 7.0000 over 500 steps success=0
Eval episode 515 finished with return 13.0000 over 500 steps success=0
Eval episode 516 finished with return 11.0000 over 500 steps success=0
Eval episode 517 finished with return 12.0000 over 500 steps success=0
Eval episode 518 finished with return 12.0000 over 500 steps success=0
Eval episode 519 finished with return 12.0000 over 500 steps success=0
Eval episode 520 finished with return 11.0000 over 500 steps success=0
Eval episode 521 finished with return 3.0000 over 500 steps success=0
Eval episode 522 finished with return 9.0000 over 500 steps success=0
Eval episode 523 finished with return 12.0000 over 500 steps success=0
Eval episode 524 finished with return 12.0000 over 500 steps success=0
Eval episode 525 finished with return 11.0000 over 500 steps success=0
Eval episode 526 finished with return 8.0000 over 500 steps success=0
Eval episode 527 finished with return 9.0000 over 500 steps success=0
Eval episode 528 finished with return 10.0000 over 500 steps success=0
Eval episode 529 finished with return 14.0000 over 500 steps success=0
Eval episode 530 finished with return 10.0000 over 500 steps success=0
Eval episode 531 finished with return 12.0000 over 500 steps success=0
Eval episode 532 finished with return 10.0000 over 500 steps success=0
Eval episode 533 finished with return 10.0000 over 500 steps success=0
Eval episode 534 finished with return 12.0000 over 500 steps success=0
Eval episode 535 finished with return 9.0000 over 500 steps success=0
Eval episode 536 finished with return 11.0000 over 500 steps success=0
Eval episode 537 finished with return 1.0000 over 500 steps success=0
Eval episode 538 finished with return 10.0000 over 500 steps success=0
Eval episode 539 finished with return 12.0000 over 500 steps success=0
Eval episode 540 finished with return 13.0000 over 500 steps success=0
Eval episode 541 finished with return 5.0000 over 500 steps success=0
Eval episode 542 finished with return 12.0000 over 500 steps success=0
Eval episode 543 finished with return 10.0000 over 500 steps success=0
Eval episode 544 finished with return 10.0000 over 500 steps success=0
Eval episode 545 finished with return 12.0000 over 500 steps success=0
Eval episode 546 finished with return 11.0000 over 500 steps success=0
Eval episode 547 finished with return 5.0000 over 500 steps success=0
Eval episode 548 finished with return 12.0000 over 500 steps success=0
Eval episode 549 finished with return 11.0000 over 500 steps success=0
Eval episode 550 finished with return 12.0000 over 500 steps success=0
Eval episode 551 finished with return 11.0000 over 500 steps success=0
Eval episode 552 finished with return 15.0000 over 500 steps success=0
Eval episode 553 finished with return 11.0000 over 500 steps success=0
Eval episode 554 finished with return 12.0000 over 500 steps success=0
Eval episode 555 finished with return 15.0000 over 500 steps success=0
Eval episode 556 finished with return 11.0000 over 500 steps success=0
Eval episode 557 finished with return 10.0000 over 500 steps success=0
Eval episode 558 finished with return 11.0000 over 500 steps success=0
Eval episode 559 finished with return 7.0000 over 500 steps success=0
Eval episode 560 finished with return 13.0000 over 500 steps success=0
Eval episode 561 finished with return 10.0000 over 500 steps success=0
Eval episode 562 finished with return 12.0000 over 500 steps success=0
Eval episode 563 finished with return 12.0000 over 500 steps success=0
Eval episode 564 finished with return 12.0000 over 500 steps success=0
Eval episode 565 finished with return 10.0000 over 500 steps success=0
Eval episode 566 finished with return 12.0000 over 500 steps success=0
Eval episode 567 finished with return 8.0000 over 500 steps success=0
Eval episode 568 finished with return 7.0000 over 500 steps success=0
Eval episode 569 finished with return 11.0000 over 500 steps success=0
Eval episode 570 finished with return 12.0000 over 500 steps success=0
Eval episode 571 finished with return 13.0000 over 500 steps success=0
Eval episode 572 finished with return 9.0000 over 500 steps success=0
Eval episode 573 finished with return 11.0000 over 500 steps success=0
Eval episode 574 finished with return 12.0000 over 500 steps success=0
Eval episode 575 finished with return 12.0000 over 500 steps success=0
Eval episode 576 finished with return 11.0000 over 500 steps success=0
Eval episode 577 finished with return 6.0000 over 500 steps success=0
Eval episode 578 finished with return 10.0000 over 500 steps success=0
Eval episode 579 finished with return 10.0000 over 500 steps success=0
Eval episode 580 finished with return 9.0000 over 500 steps success=0
Eval episode 581 finished with return 11.0000 over 500 steps success=0
Eval episode 582 finished with return 12.0000 over 500 steps success=0
Eval episode 583 finished with return 13.0000 over 500 steps success=0
Eval episode 584 finished with return 10.0000 over 500 steps success=0
Eval episode 585 finished with return 13.0000 over 500 steps success=0
Eval episode 586 finished with return 1.0000 over 500 steps success=0
Eval episode 587 finished with return 11.0000 over 500 steps success=0
Eval episode 588 finished with return 12.0000 over 500 steps success=0
Eval episode 589 finished with return 11.0000 over 500 steps success=0
Eval episode 590 finished with return 12.0000 over 500 steps success=0
Eval episode 591 finished with return 14.0000 over 500 steps success=0
Eval episode 592 finished with return 10.0000 over 500 steps success=0
Eval episode 593 finished with return 8.0000 over 500 steps success=0
Eval episode 594 finished with return 11.0000 over 500 steps success=0
Eval episode 595 finished with return 11.0000 over 500 steps success=0
Eval episode 596 finished with return 10.0000 over 500 steps success=0
Eval episode 597 finished with return 11.0000 over 500 steps success=0
Eval episode 598 finished with return 11.0000 over 500 steps success=0
Eval episode 599 finished with return 12.0000 over 500 steps success=0
Eval episode 600 finished with return 11.0000 over 500 steps success=0
Eval episode 601 finished with return 11.0000 over 500 steps success=0
Eval episode 602 finished with return 5.0000 over 500 steps success=0
Eval episode 603 finished with return 11.0000 over 500 steps success=0
Eval episode 604 finished with return 496.0000 over 500 steps success=1
Eval episode 605 finished with return 12.0000 over 500 steps success=0
Eval episode 606 finished with return 10.0000 over 500 steps success=0
Eval episode 607 finished with return 0.0000 over 500 steps success=0
Eval episode 608 finished with return 11.0000 over 500 steps success=0
Eval episode 609 finished with return 8.0000 over 500 steps success=0
Eval episode 610 finished with return 10.0000 over 500 steps success=0
Eval episode 611 finished with return 11.0000 over 500 steps success=0
Eval episode 612 finished with return 10.0000 over 500 steps success=0
Eval episode 613 finished with return 13.0000 over 500 steps success=0
Eval episode 614 finished with return 10.0000 over 500 steps success=0
Eval episode 615 finished with return 13.0000 over 500 steps success=0
Eval episode 616 finished with return 13.0000 over 500 steps success=0
Eval episode 617 finished with return 14.0000 over 500 steps success=0
Eval episode 618 finished with return 13.0000 over 500 steps success=0
Eval episode 619 finished with return 11.0000 over 500 steps success=0
Eval episode 620 finished with return 12.0000 over 500 steps success=0
Eval episode 621 finished with return 3.0000 over 500 steps success=0
Eval episode 622 finished with return 12.0000 over 500 steps success=0
Eval episode 623 finished with return 12.0000 over 500 steps success=0
Eval episode 624 finished with return 12.0000 over 500 steps success=0
Eval episode 625 finished with return 10.0000 over 500 steps success=0
Eval episode 626 finished with return 7.0000 over 500 steps success=0
Eval episode 627 finished with return 13.0000 over 500 steps success=0
Eval episode 628 finished with return 13.0000 over 500 steps success=0
Eval episode 629 finished with return 8.0000 over 500 steps success=0
Eval episode 630 finished with return 10.0000 over 500 steps success=0
Eval episode 631 finished with return 1.0000 over 500 steps success=0
Eval episode 632 finished with return 10.0000 over 500 steps success=0
Eval episode 633 finished with return 10.0000 over 500 steps success=0
Eval episode 634 finished with return 11.0000 over 500 steps success=0
Eval episode 635 finished with return 12.0000 over 500 steps success=0
Eval episode 636 finished with return 12.0000 over 500 steps success=0
Eval episode 637 finished with return 12.0000 over 500 steps success=0
Eval episode 638 finished with return 10.0000 over 500 steps success=0
Eval episode 639 finished with return 12.0000 over 500 steps success=0
Eval episode 640 finished with return 10.0000 over 500 steps success=0
Eval episode 641 finished with return 12.0000 over 500 steps success=0
Eval episode 642 finished with return 12.0000 over 500 steps success=0
Eval episode 643 finished with return 12.0000 over 500 steps success=0
Eval episode 644 finished with return 9.0000 over 500 steps success=0
Eval episode 645 finished with return 3.0000 over 500 steps success=0
Eval episode 646 finished with return 11.0000 over 500 steps success=0
Eval episode 647 finished with return 12.0000 over 500 steps success=0
Eval episode 648 finished with return 12.0000 over 500 steps success=0
Eval episode 649 finished with return 9.0000 over 500 steps success=0
Eval episode 650 finished with return 9.0000 over 500 steps success=0
Eval episode 651 finished with return 13.0000 over 500 steps success=0
Eval episode 652 finished with return 12.0000 over 500 steps success=0
Eval episode 653 finished with return 12.0000 over 500 steps success=0
Eval episode 654 finished with return 1.0000 over 500 steps success=0
Eval episode 655 finished with return 12.0000 over 500 steps success=0
Eval episode 656 finished with return 12.0000 over 500 steps success=0
Eval episode 657 finished with return 11.0000 over 500 steps success=0
Eval episode 658 finished with return 11.0000 over 500 steps success=0
Eval episode 659 finished with return 10.0000 over 500 steps success=0
Eval episode 660 finished with return 10.0000 over 500 steps success=0
Eval episode 661 finished with return 11.0000 over 500 steps success=0
Eval episode 662 finished with return 8.0000 over 500 steps success=0
Eval episode 663 finished with return 9.0000 over 500 steps success=0
Eval episode 664 finished with return 11.0000 over 500 steps success=0
Eval episode 665 finished with return 11.0000 over 500 steps success=0
Eval episode 666 finished with return 10.0000 over 500 steps success=0
Eval episode 667 finished with return 12.0000 over 500 steps success=0
Eval episode 668 finished with return 12.0000 over 500 steps success=0
Eval episode 669 finished with return 12.0000 over 500 steps success=0
Eval episode 670 finished with return 9.0000 over 500 steps success=0
Eval episode 671 finished with return 13.0000 over 500 steps success=0
Eval episode 672 finished with return 14.0000 over 500 steps success=0
Eval episode 673 finished with return 10.0000 over 500 steps success=0
Eval episode 674 finished with return 10.0000 over 500 steps success=0
Eval episode 675 finished with return 7.0000 over 500 steps success=0
Eval episode 676 finished with return 12.0000 over 500 steps success=0
Eval episode 677 finished with return 3.0000 over 500 steps success=0
Eval episode 678 finished with return 2.0000 over 500 steps success=0
Eval episode 679 finished with return 11.0000 over 500 steps success=0
Eval episode 680 finished with return 10.0000 over 500 steps success=0
Eval episode 681 finished with return 12.0000 over 500 steps success=0
Eval episode 682 finished with return 11.0000 over 500 steps success=0
Eval episode 683 finished with return 8.0000 over 500 steps success=0
Eval episode 684 finished with return 12.0000 over 500 steps success=0
Eval episode 685 finished with return 12.0000 over 500 steps success=0
Eval episode 686 finished with return 13.0000 over 500 steps success=0
Eval episode 687 finished with return 11.0000 over 500 steps success=0
Eval episode 688 finished with return 10.0000 over 500 steps success=0
Eval episode 689 finished with return 11.0000 over 500 steps success=0
Eval episode 690 finished with return 11.0000 over 500 steps success=0
Eval episode 691 finished with return 11.0000 over 500 steps success=0
Eval episode 692 finished with return 12.0000 over 500 steps success=0
Eval episode 693 finished with return 9.0000 over 500 steps success=0
Eval episode 694 finished with return 11.0000 over 500 steps success=0
Eval episode 695 finished with return 10.0000 over 500 steps success=0
Eval episode 696 finished with return 11.0000 over 500 steps success=0
Eval episode 697 finished with return 10.0000 over 500 steps success=0
Eval episode 698 finished with return 11.0000 over 500 steps success=0
Eval episode 699 finished with return 12.0000 over 500 steps success=0
Eval episode 700 finished with return 10.0000 over 500 steps success=0
Eval episode 701 finished with return 12.0000 over 500 steps success=0
Eval episode 702 finished with return 14.0000 over 500 steps success=0
Eval episode 703 finished with return 10.0000 over 500 steps success=0
Eval episode 704 finished with return 12.0000 over 500 steps success=0
Eval episode 705 finished with return 12.0000 over 500 steps success=0
Eval episode 706 finished with return 12.0000 over 500 steps success=0
Eval episode 707 finished with return 10.0000 over 500 steps success=0
Eval episode 708 finished with return 12.0000 over 500 steps success=0
Eval episode 709 finished with return 9.0000 over 500 steps success=0
Eval episode 710 finished with return 11.0000 over 500 steps success=0
Eval episode 711 finished with return 11.0000 over 500 steps success=0
Eval episode 712 finished with return 12.0000 over 500 steps success=0
Eval episode 713 finished with return 13.0000 over 500 steps success=0
Eval episode 714 finished with return 11.0000 over 500 steps success=0
Eval episode 715 finished with return 10.0000 over 500 steps success=0
Eval episode 716 finished with return 11.0000 over 500 steps success=0
Eval episode 717 finished with return 9.0000 over 500 steps success=0
Eval episode 718 finished with return 10.0000 over 500 steps success=0
Eval episode 719 finished with return 10.0000 over 500 steps success=0
Eval episode 720 finished with return 11.0000 over 500 steps success=0
Eval episode 721 finished with return 11.0000 over 500 steps success=0
Eval episode 722 finished with return 14.0000 over 500 steps success=0
Eval episode 723 finished with return 12.0000 over 500 steps success=0
Eval episode 724 finished with return 12.0000 over 500 steps success=0
Eval episode 725 finished with return 11.0000 over 500 steps success=0
Eval episode 726 finished with return 11.0000 over 500 steps success=0
Eval episode 727 finished with return 11.0000 over 500 steps success=0
Eval episode 728 finished with return 2.0000 over 500 steps success=0
Eval episode 729 finished with return 11.0000 over 500 steps success=0
Eval episode 730 finished with return 11.0000 over 500 steps success=0
Eval episode 731 finished with return 10.0000 over 500 steps success=0
Eval episode 732 finished with return 11.0000 over 500 steps success=0
Eval episode 733 finished with return 4.0000 over 500 steps success=0
Eval episode 734 finished with return 11.0000 over 500 steps success=0
Eval episode 735 finished with return 10.0000 over 500 steps success=0
Eval episode 736 finished with return 11.0000 over 500 steps success=0
Eval episode 737 finished with return 9.0000 over 500 steps success=0
Eval episode 738 finished with return 13.0000 over 500 steps success=0
Eval episode 739 finished with return 12.0000 over 500 steps success=0
Eval episode 740 finished with return 11.0000 over 500 steps success=0
Eval episode 741 finished with return 11.0000 over 500 steps success=0
Eval episode 742 finished with return 7.0000 over 500 steps success=0
Eval episode 743 finished with return 12.0000 over 500 steps success=0
Eval episode 744 finished with return 14.0000 over 500 steps success=0
Eval episode 745 finished with return 10.0000 over 500 steps success=0
Eval episode 746 finished with return 12.0000 over 500 steps success=0
Eval episode 747 finished with return 7.0000 over 500 steps success=0
Eval episode 748 finished with return 12.0000 over 500 steps success=0
Eval episode 749 finished with return 13.0000 over 500 steps success=0
Eval episode 750 finished with return 8.0000 over 500 steps success=0
Eval episode 751 finished with return 12.0000 over 500 steps success=0
Eval episode 752 finished with return 12.0000 over 500 steps success=0
Eval episode 753 finished with return 12.0000 over 500 steps success=0
Eval episode 754 finished with return 14.0000 over 500 steps success=0
Eval episode 755 finished with return 11.0000 over 500 steps success=0
Eval episode 756 finished with return 11.0000 over 500 steps success=0
Eval episode 757 finished with return 11.0000 over 500 steps success=0
Eval episode 758 finished with return 11.0000 over 500 steps success=0
Eval episode 759 finished with return 9.0000 over 500 steps success=0
Eval episode 760 finished with return 12.0000 over 500 steps success=0
Eval episode 761 finished with return 9.0000 over 500 steps success=0
Eval episode 762 finished with return 9.0000 over 500 steps success=0
Eval episode 763 finished with return 11.0000 over 500 steps success=0
Eval episode 764 finished with return 11.0000 over 500 steps success=0
Eval episode 765 finished with return 11.0000 over 500 steps success=0
Eval episode 766 finished with return 12.0000 over 500 steps success=0
Eval episode 767 finished with return 11.0000 over 500 steps success=0
Eval episode 768 finished with return 13.0000 over 500 steps success=0
Eval episode 769 finished with return 11.0000 over 500 steps success=0
Eval episode 770 finished with return 10.0000 over 500 steps success=0
Eval episode 771 finished with return 13.0000 over 500 steps success=0
Eval episode 772 finished with return 10.0000 over 500 steps success=0
Eval episode 773 finished with return 12.0000 over 500 steps success=0
Eval episode 774 finished with return 13.0000 over 500 steps success=0
Eval episode 775 finished with return 11.0000 over 500 steps success=0
Eval episode 776 finished with return 10.0000 over 500 steps success=0
Eval episode 777 finished with return 9.0000 over 500 steps success=0
Eval episode 778 finished with return 9.0000 over 500 steps success=0
Eval episode 779 finished with return 11.0000 over 500 steps success=0
Eval episode 780 finished with return 11.0000 over 500 steps success=0
Eval episode 781 finished with return 12.0000 over 500 steps success=0
Eval episode 782 finished with return 12.0000 over 500 steps success=0
Eval episode 783 finished with return 12.0000 over 500 steps success=0
Eval episode 784 finished with return 12.0000 over 500 steps success=0
Eval episode 785 finished with return 12.0000 over 500 steps success=0
Eval episode 786 finished with return 11.0000 over 500 steps success=0
Eval episode 787 finished with return 9.0000 over 500 steps success=0
Eval episode 788 finished with return 12.0000 over 500 steps success=0
Eval episode 789 finished with return 11.0000 over 500 steps success=0
Eval episode 790 finished with return 13.0000 over 500 steps success=0
Eval episode 791 finished with return 11.0000 over 500 steps success=0
Eval episode 792 finished with return 13.0000 over 500 steps success=0
Eval episode 793 finished with return 10.0000 over 500 steps success=0
Eval episode 794 finished with return 11.0000 over 500 steps success=0
Eval episode 795 finished with return 9.0000 over 500 steps success=0
Eval episode 796 finished with return 13.0000 over 500 steps success=0
Eval episode 797 finished with return 14.0000 over 500 steps success=0
Eval episode 798 finished with return 11.0000 over 500 steps success=0
Eval episode 799 finished with return 14.0000 over 500 steps success=0
Eval episode 800 finished with return 11.0000 over 500 steps success=0
Eval episode 801 finished with return 11.0000 over 500 steps success=0
Eval episode 802 finished with return 14.0000 over 500 steps success=0
Eval episode 803 finished with return 11.0000 over 500 steps success=0
Eval episode 804 finished with return 11.0000 over 500 steps success=0
Eval episode 805 finished with return 11.0000 over 500 steps success=0
Eval episode 806 finished with return 12.0000 over 500 steps success=0
Eval episode 807 finished with return 10.0000 over 500 steps success=0
Eval episode 808 finished with return 14.0000 over 500 steps success=0
Eval episode 809 finished with return 12.0000 over 500 steps success=0
Eval episode 810 finished with return 11.0000 over 500 steps success=0
Eval episode 811 finished with return 7.0000 over 500 steps success=0
Eval episode 812 finished with return 8.0000 over 500 steps success=0
Eval episode 813 finished with return 10.0000 over 500 steps success=0
Eval episode 814 finished with return 12.0000 over 500 steps success=0
Eval episode 815 finished with return 11.0000 over 500 steps success=0
Eval episode 816 finished with return 10.0000 over 500 steps success=0
Eval episode 817 finished with return 11.0000 over 500 steps success=0
Eval episode 818 finished with return 12.0000 over 500 steps success=0
Eval episode 819 finished with return 3.0000 over 500 steps success=0
Eval episode 820 finished with return 12.0000 over 500 steps success=0
Eval episode 821 finished with return 12.0000 over 500 steps success=0
Eval episode 822 finished with return 11.0000 over 500 steps success=0
Eval episode 823 finished with return 13.0000 over 500 steps success=0
Eval episode 824 finished with return 13.0000 over 500 steps success=0
Eval episode 825 finished with return 11.0000 over 500 steps success=0
Eval episode 826 finished with return 11.0000 over 500 steps success=0
Eval episode 827 finished with return 11.0000 over 500 steps success=0
Eval episode 828 finished with return 11.0000 over 500 steps success=0
Eval episode 829 finished with return 11.0000 over 500 steps success=0
Eval episode 830 finished with return 12.0000 over 500 steps success=0
Eval episode 831 finished with return 11.0000 over 500 steps success=0
Eval episode 832 finished with return 9.0000 over 500 steps success=0
Eval episode 833 finished with return 12.0000 over 500 steps success=0
Eval episode 834 finished with return 11.0000 over 500 steps success=0
Eval episode 835 finished with return 12.0000 over 500 steps success=0
Eval episode 836 finished with return 11.0000 over 500 steps success=0
Eval episode 837 finished with return 8.0000 over 500 steps success=0
Eval episode 838 finished with return 10.0000 over 500 steps success=0
Eval episode 839 finished with return 11.0000 over 500 steps success=0
Eval episode 840 finished with return 12.0000 over 500 steps success=0
Eval episode 841 finished with return 11.0000 over 500 steps success=0
Eval episode 842 finished with return 2.0000 over 500 steps success=0
Eval episode 843 finished with return 11.0000 over 500 steps success=0
Eval episode 844 finished with return 1.0000 over 500 steps success=0
Eval episode 845 finished with return 8.0000 over 500 steps success=0
Eval episode 846 finished with return 11.0000 over 500 steps success=0
Eval episode 847 finished with return 9.0000 over 500 steps success=0
Eval episode 848 finished with return 12.0000 over 500 steps success=0
Eval episode 849 finished with return 13.0000 over 500 steps success=0
Eval episode 850 finished with return 11.0000 over 500 steps success=0
Eval episode 851 finished with return 11.0000 over 500 steps success=0
Eval episode 852 finished with return 12.0000 over 500 steps success=0
Eval episode 853 finished with return 10.0000 over 500 steps success=0
Eval episode 854 finished with return 10.0000 over 500 steps success=0
Eval episode 855 finished with return 10.0000 over 500 steps success=0
Eval episode 856 finished with return 11.0000 over 500 steps success=0
Eval episode 857 finished with return 9.0000 over 500 steps success=0
Eval episode 858 finished with return 11.0000 over 500 steps success=0
Eval episode 859 finished with return 11.0000 over 500 steps success=0
Eval episode 860 finished with return 12.0000 over 500 steps success=0
Eval episode 861 finished with return 11.0000 over 500 steps success=0
Eval episode 862 finished with return 12.0000 over 500 steps success=0
Eval episode 863 finished with return 13.0000 over 500 steps success=0
Eval episode 864 finished with return 11.0000 over 500 steps success=0
Eval episode 865 finished with return 11.0000 over 500 steps success=0
Eval episode 866 finished with return 11.0000 over 500 steps success=0
Eval episode 867 finished with return 11.0000 over 500 steps success=0
Eval episode 868 finished with return 13.0000 over 500 steps success=0
Eval episode 869 finished with return 12.0000 over 500 steps success=0
Eval episode 870 finished with return 11.0000 over 500 steps success=0
Eval episode 871 finished with return 10.0000 over 500 steps success=0
Eval episode 872 finished with return 11.0000 over 500 steps success=0
Eval episode 873 finished with return 12.0000 over 500 steps success=0
Eval episode 874 finished with return 6.0000 over 500 steps success=0
Eval episode 875 finished with return 11.0000 over 500 steps success=0
Eval episode 876 finished with return 11.0000 over 500 steps success=0
Eval episode 877 finished with return 12.0000 over 500 steps success=0
Eval episode 878 finished with return 7.0000 over 500 steps success=0
Eval episode 879 finished with return 11.0000 over 500 steps success=0
Eval episode 880 finished with return 11.0000 over 500 steps success=0
Eval episode 881 finished with return 15.0000 over 500 steps success=0
Eval episode 882 finished with return 11.0000 over 500 steps success=0
Eval episode 883 finished with return 11.0000 over 500 steps success=0
Eval episode 884 finished with return 11.0000 over 500 steps success=0
Eval episode 885 finished with return 11.0000 over 500 steps success=0
Eval episode 886 finished with return 11.0000 over 500 steps success=0
Eval episode 887 finished with return 10.0000 over 500 steps success=0
Eval episode 888 finished with return 12.0000 over 500 steps success=0
Eval episode 889 finished with return 10.0000 over 500 steps success=0
Eval episode 890 finished with return 4.0000 over 500 steps success=0
Eval episode 891 finished with return 12.0000 over 500 steps success=0
Eval episode 892 finished with return 8.0000 over 500 steps success=0
Eval episode 893 finished with return 12.0000 over 500 steps success=0
Eval episode 894 finished with return 5.0000 over 500 steps success=0
Eval episode 895 finished with return 13.0000 over 500 steps success=0
Eval episode 896 finished with return 11.0000 over 500 steps success=0
Eval episode 897 finished with return 14.0000 over 500 steps success=0
Eval episode 898 finished with return 11.0000 over 500 steps success=0
Eval episode 899 finished with return 15.0000 over 500 steps success=0
Eval episode 900 finished with return 8.0000 over 500 steps success=0
Eval episode 901 finished with return 14.0000 over 500 steps success=0
Eval episode 902 finished with return 8.0000 over 500 steps success=0
Eval episode 903 finished with return 10.0000 over 500 steps success=0
Eval episode 904 finished with return 8.0000 over 500 steps success=0
Eval episode 905 finished with return 14.0000 over 500 steps success=0
Eval episode 906 finished with return 11.0000 over 500 steps success=0
Eval episode 907 finished with return 7.0000 over 500 steps success=0
Eval episode 908 finished with return 10.0000 over 500 steps success=0
Eval episode 909 finished with return 13.0000 over 500 steps success=0
Eval episode 910 finished with return 12.0000 over 500 steps success=0
Eval episode 911 finished with return 9.0000 over 500 steps success=0
Eval episode 912 finished with return 0.0000 over 500 steps success=0
Eval episode 913 finished with return 10.0000 over 500 steps success=0
Eval episode 914 finished with return 12.0000 over 500 steps success=0
Eval episode 915 finished with return 12.0000 over 500 steps success=0
Eval episode 916 finished with return 11.0000 over 500 steps success=0
Eval episode 917 finished with return 14.0000 over 500 steps success=0
Eval episode 918 finished with return 12.0000 over 500 steps success=0
Eval episode 919 finished with return 5.0000 over 500 steps success=0
Eval episode 920 finished with return 11.0000 over 500 steps success=0
Eval episode 921 finished with return 13.0000 over 500 steps success=0
Eval episode 922 finished with return 11.0000 over 500 steps success=0
Eval episode 923 finished with return 11.0000 over 500 steps success=0
Eval episode 924 finished with return 12.0000 over 500 steps success=0
Eval episode 925 finished with return 5.0000 over 500 steps success=0
Eval episode 926 finished with return 10.0000 over 500 steps success=0
Eval episode 927 finished with return 9.0000 over 500 steps success=0
Eval episode 928 finished with return 10.0000 over 500 steps success=0
Eval episode 929 finished with return 10.0000 over 500 steps success=0
Eval episode 930 finished with return 12.0000 over 500 steps success=0
Eval episode 931 finished with return 10.0000 over 500 steps success=0
Eval episode 932 finished with return 11.0000 over 500 steps success=0
Eval episode 933 finished with return 12.0000 over 500 steps success=0
Eval episode 934 finished with return 11.0000 over 500 steps success=0
Eval episode 935 finished with return 11.0000 over 500 steps success=0
Eval episode 936 finished with return 9.0000 over 500 steps success=0
Eval episode 937 finished with return 8.0000 over 500 steps success=0
Eval episode 938 finished with return 13.0000 over 500 steps success=0
Eval episode 939 finished with return 12.0000 over 500 steps success=0
Eval episode 940 finished with return 12.0000 over 500 steps success=0
Eval episode 941 finished with return 11.0000 over 500 steps success=0
Eval episode 942 finished with return 12.0000 over 500 steps success=0
Eval episode 943 finished with return 13.0000 over 500 steps success=0
Eval episode 944 finished with return 11.0000 over 500 steps success=0
Eval episode 945 finished with return 14.0000 over 500 steps success=0
Eval episode 946 finished with return 8.0000 over 500 steps success=0
Eval episode 947 finished with return 10.0000 over 500 steps success=0
Eval episode 948 finished with return 13.0000 over 500 steps success=0
Eval episode 949 finished with return 11.0000 over 500 steps success=0
Eval episode 950 finished with return 11.0000 over 500 steps success=0
Eval episode 951 finished with return 12.0000 over 500 steps success=0
Eval episode 952 finished with return 10.0000 over 500 steps success=0
Eval episode 953 finished with return 9.0000 over 500 steps success=0
Eval episode 954 finished with return 14.0000 over 500 steps success=0
Eval episode 955 finished with return 12.0000 over 500 steps success=0
Eval episode 956 finished with return 9.0000 over 500 steps success=0
Eval episode 957 finished with return 11.0000 over 500 steps success=0
Eval episode 958 finished with return 11.0000 over 500 steps success=0
Eval episode 959 finished with return 11.0000 over 500 steps success=0
Eval episode 960 finished with return 11.0000 over 500 steps success=0
Eval episode 961 finished with return 11.0000 over 500 steps success=0
Eval episode 962 finished with return 13.0000 over 500 steps success=0
Eval episode 963 finished with return 11.0000 over 500 steps success=0
Eval episode 964 finished with return 12.0000 over 500 steps success=0
Eval episode 965 finished with return 12.0000 over 500 steps success=0
Eval episode 966 finished with return 12.0000 over 500 steps success=0
Eval episode 967 finished with return 12.0000 over 500 steps success=0
Eval episode 968 finished with return 14.0000 over 500 steps success=0
Eval episode 969 finished with return 12.0000 over 500 steps success=0
Eval episode 970 finished with return 7.0000 over 500 steps success=0
Eval episode 971 finished with return 11.0000 over 500 steps success=0
Eval episode 972 finished with return 11.0000 over 500 steps success=0
Eval episode 973 finished with return 12.0000 over 500 steps success=0
Eval episode 974 finished with return 10.0000 over 500 steps success=0
Eval episode 975 finished with return 11.0000 over 500 steps success=0
Eval episode 976 finished with return 12.0000 over 500 steps success=0
Eval episode 977 finished with return 11.0000 over 500 steps success=0
Eval episode 978 finished with return 11.0000 over 500 steps success=0
Eval episode 979 finished with return 11.0000 over 500 steps success=0
Eval episode 980 finished with return 10.0000 over 500 steps success=0
Eval episode 981 finished with return 11.0000 over 500 steps success=0
Eval episode 982 finished with return 8.0000 over 500 steps success=0
Eval episode 983 finished with return 7.0000 over 500 steps success=0
Eval episode 984 finished with return 13.0000 over 500 steps success=0
Eval episode 985 finished with return 10.0000 over 500 steps success=0
Eval episode 986 finished with return 9.0000 over 500 steps success=0
Eval episode 987 finished with return 9.0000 over 500 steps success=0
Eval episode 988 finished with return 11.0000 over 500 steps success=0
Eval episode 989 finished with return 9.0000 over 500 steps success=0
Eval episode 990 finished with return 12.0000 over 500 steps success=0
Eval episode 991 finished with return 12.0000 over 500 steps success=0
Eval episode 992 finished with return 12.0000 over 500 steps success=0
Eval episode 993 finished with return 11.0000 over 500 steps success=0
Eval episode 994 finished with return 4.0000 over 500 steps success=0
Eval episode 995 finished with return 12.0000 over 500 steps success=0
Eval episode 996 finished with return 9.0000 over 500 steps success=0
Eval episode 997 finished with return 10.0000 over 500 steps success=0
Eval episode 998 finished with return 14.0000 over 500 steps success=0
Eval episode 999 finished with return 12.0000 over 500 steps success=0
Eval episode 1000 finished with return 11.0000 over 500 steps success=0
Eval summary: success_rate=0.0010 (1/1000), visualized=10
Saved eval summary: /home/y/Simer/exam/train_dmcontrol_dreamerv3_ball_in_cup_release_30k/output/eval/step_0005000/eval_summary.json
Saved checkpoint: policy.ckpt
step=5200 episode=10 return=62.0000 length=200
step=5400 episode=10 return=262.0000 length=400
step=5600 episode=11 return=1.0000 length=100
step=5800 episode=11 return=1.0000 length=300
step=6000 episode=11 return=1.0000 length=500
step=6200 episode=12 return=0.0000 length=200
step=6400 episode=12 return=0.0000 length=400
step=6600 episode=13 return=1.0000 length=100
step=6800 episode=13 return=1.0000 length=300
step=7000 episode=13 return=1.0000 length=500
step=7200 episode=14 return=0.0000 length=200
step=7400 episode=14 return=0.0000 length=400
step=7600 episode=15 return=1.0000 length=100
step=7800 episode=15 return=1.0000 length=300
step=8000 episode=15 return=1.0000 length=500
step=8200 episode=16 return=1.0000 length=200
step=8400 episode=16 return=1.0000 length=400
step=8600 episode=17 return=1.0000 length=100
step=8800 episode=17 return=1.0000 length=300
step=9000 episode=17 return=1.0000 length=500
step=9200 episode=18 return=1.0000 length=200
step=9400 episode=18 return=1.0000 length=400
step=9600 episode=19 return=1.0000 length=100
step=9800 episode=19 return=1.0000 length=300
step=10000 episode=19 return=1.0000 length=500
Running evaluation at step=10000 ...
Eval episode 1 finished with return 1.0000 over 500 steps success=0
Eval episode 2 finished with return 1.0000 over 500 steps success=0
Eval episode 3 finished with return 1.0000 over 500 steps success=0
Eval episode 4 finished with return 1.0000 over 500 steps success=0
Eval episode 5 finished with return 1.0000 over 500 steps success=0
Eval episode 6 finished with return 1.0000 over 500 steps success=0
Eval episode 7 finished with return 1.0000 over 500 steps success=0
Eval episode 8 finished with return 1.0000 over 500 steps success=0
Eval episode 9 finished with return 1.0000 over 500 steps success=0
Eval episode 10 finished with return 1.0000 over 500 steps success=0
Eval episode 11 finished with return 1.0000 over 500 steps success=0
Eval episode 12 finished with return 1.0000 over 500 steps success=0
Eval episode 13 finished with return 1.0000 over 500 steps success=0
Eval episode 14 finished with return 1.0000 over 500 steps success=0
Eval episode 15 finished with return 1.0000 over 500 steps success=0
Eval episode 16 finished with return 1.0000 over 500 steps success=0
Eval episode 17 finished with return 1.0000 over 500 steps success=0
Eval episode 18 finished with return 1.0000 over 500 steps success=0
Eval episode 19 finished with return 1.0000 over 500 steps success=0
Eval episode 20 finished with return 1.0000 over 500 steps success=0
Eval episode 21 finished with return 1.0000 over 500 steps success=0
Eval episode 22 finished with return 1.0000 over 500 steps success=0
Eval episode 23 finished with return 1.0000 over 500 steps success=0
Eval episode 24 finished with return 1.0000 over 500 steps success=0
Eval episode 25 finished with return 1.0000 over 500 steps success=0
Eval episode 26 finished with return 1.0000 over 500 steps success=0
Eval episode 27 finished with return 1.0000 over 500 steps success=0
Eval episode 28 finished with return 1.0000 over 500 steps success=0
Eval episode 29 finished with return 1.0000 over 500 steps success=0
Eval episode 30 finished with return 1.0000 over 500 steps success=0
Eval episode 31 finished with return 1.0000 over 500 steps success=0
Eval episode 32 finished with return 1.0000 over 500 steps success=0
Eval episode 33 finished with return 1.0000 over 500 steps success=0
Eval episode 34 finished with return 1.0000 over 500 steps success=0
Eval episode 35 finished with return 1.0000 over 500 steps success=0
Eval episode 36 finished with return 1.0000 over 500 steps success=0
Eval episode 37 finished with return 1.0000 over 500 steps success=0
Eval episode 38 finished with return 1.0000 over 500 steps success=0
Eval episode 39 finished with return 1.0000 over 500 steps success=0
Eval episode 40 finished with return 1.0000 over 500 steps success=0
Eval episode 41 finished with return 1.0000 over 500 steps success=0
Eval episode 42 finished with return 1.0000 over 500 steps success=0
Eval episode 43 finished with return 1.0000 over 500 steps success=0
Eval episode 44 finished with return 1.0000 over 500 steps success=0
Eval episode 45 finished with return 1.0000 over 500 steps success=0
Eval episode 46 finished with return 1.0000 over 500 steps success=0
Eval episode 47 finished with return 1.0000 over 500 steps success=0
Eval episode 48 finished with return 1.0000 over 500 steps success=0
Eval episode 49 finished with return 1.0000 over 500 steps success=0
Eval episode 50 finished with return 1.0000 over 500 steps success=0
Eval episode 51 finished with return 1.0000 over 500 steps success=0
Eval episode 52 finished with return 1.0000 over 500 steps success=0
Eval episode 53 finished with return 1.0000 over 500 steps success=0
Eval episode 54 finished with return 1.0000 over 500 steps success=0
Eval episode 55 finished with return 1.0000 over 500 steps success=0
Eval episode 56 finished with return 1.0000 over 500 steps success=0
Eval episode 57 finished with return 1.0000 over 500 steps success=0
Eval episode 58 finished with return 1.0000 over 500 steps success=0
Eval episode 59 finished with return 1.0000 over 500 steps success=0
Eval episode 60 finished with return 1.0000 over 500 steps success=0
Eval episode 61 finished with return 1.0000 over 500 steps success=0
Eval episode 62 finished with return 1.0000 over 500 steps success=0
Eval episode 63 finished with return 1.0000 over 500 steps success=0
Eval episode 64 finished with return 1.0000 over 500 steps success=0
Eval episode 65 finished with return 1.0000 over 500 steps success=0
Eval episode 66 finished with return 1.0000 over 500 steps success=0
Eval episode 67 finished with return 1.0000 over 500 steps success=0
Eval episode 68 finished with return 1.0000 over 500 steps success=0
Eval episode 69 finished with return 1.0000 over 500 steps success=0
Eval episode 70 finished with return 1.0000 over 500 steps success=0
Eval episode 71 finished with return 1.0000 over 500 steps success=0
Eval episode 72 finished with return 1.0000 over 500 steps success=0
Eval episode 73 finished with return 1.0000 over 500 steps success=0
Eval episode 74 finished with return 1.0000 over 500 steps success=0
Eval episode 75 finished with return 1.0000 over 500 steps success=0
Eval episode 76 finished with return 1.0000 over 500 steps success=0
Eval episode 77 finished with return 1.0000 over 500 steps success=0
Eval episode 78 finished with return 1.0000 over 500 steps success=0
Eval episode 79 finished with return 1.0000 over 500 steps success=0
Eval episode 80 finished with return 1.0000 over 500 steps success=0
Eval episode 81 finished with return 1.0000 over 500 steps success=0
Eval episode 82 finished with return 1.0000 over 500 steps success=0
Eval episode 83 finished with return 1.0000 over 500 steps success=0
Eval episode 84 finished with return 1.0000 over 500 steps success=0
Eval episode 85 finished with return 1.0000 over 500 steps success=0
Eval episode 86 finished with return 1.0000 over 500 steps success=0
Eval episode 87 finished with return 1.0000 over 500 steps success=0
Eval episode 88 finished with return 1.0000 over 500 steps success=0
Eval episode 89 finished with return 1.0000 over 500 steps success=0
Eval episode 90 finished with return 1.0000 over 500 steps success=0
Eval episode 91 finished with return 1.0000 over 500 steps success=0
Eval episode 92 finished with return 1.0000 over 500 steps success=0
Eval episode 93 finished with return 1.0000 over 500 steps success=0
Eval episode 94 finished with return 1.0000 over 500 steps success=0
Eval episode 95 finished with return 1.0000 over 500 steps success=0
Eval episode 96 finished with return 1.0000 over 500 steps success=0
Eval episode 97 finished with return 1.0000 over 500 steps success=0
Eval episode 98 finished with return 1.0000 over 500 steps success=0
Eval episode 99 finished with return 1.0000 over 500 steps success=0
Eval episode 100 finished with return 1.0000 over 500 steps success=0
Eval episode 101 finished with return 1.0000 over 500 steps success=0
Eval episode 102 finished with return 1.0000 over 500 steps success=0
Eval episode 103 finished with return 1.0000 over 500 steps success=0
Eval episode 104 finished with return 1.0000 over 500 steps success=0
Eval episode 105 finished with return 1.0000 over 500 steps success=0
Eval episode 106 finished with return 1.0000 over 500 steps success=0
Eval episode 107 finished with return 1.0000 over 500 steps success=0
Eval episode 108 finished with return 1.0000 over 500 steps success=0
Eval episode 109 finished with return 1.0000 over 500 steps success=0
Eval episode 110 finished with return 1.0000 over 500 steps success=0
Eval episode 111 finished with return 1.0000 over 500 steps success=0
Eval episode 112 finished with return 1.0000 over 500 steps success=0
Eval episode 113 finished with return 1.0000 over 500 steps success=0
Eval episode 114 finished with return 1.0000 over 500 steps success=0
Eval episode 115 finished with return 1.0000 over 500 steps success=0
Eval episode 116 finished with return 1.0000 over 500 steps success=0
Eval episode 117 finished with return 1.0000 over 500 steps success=0
Eval episode 118 finished with return 1.0000 over 500 steps success=0
Eval episode 119 finished with return 1.0000 over 500 steps success=0
Eval episode 120 finished with return 1.0000 over 500 steps success=0
Eval episode 121 finished with return 1.0000 over 500 steps success=0
Eval episode 122 finished with return 1.0000 over 500 steps success=0
Eval episode 123 finished with return 1.0000 over 500 steps success=0
Eval episode 124 finished with return 1.0000 over 500 steps success=0
Eval episode 125 finished with return 1.0000 over 500 steps success=0
Eval episode 126 finished with return 1.0000 over 500 steps success=0
Eval episode 127 finished with return 1.0000 over 500 steps success=0
Eval episode 128 finished with return 1.0000 over 500 steps success=0
Eval episode 129 finished with return 1.0000 over 500 steps success=0
Eval episode 130 finished with return 1.0000 over 500 steps success=0
Eval episode 131 finished with return 1.0000 over 500 steps success=0
Eval episode 132 finished with return 1.0000 over 500 steps success=0
Eval episode 133 finished with return 1.0000 over 500 steps success=0
Eval episode 134 finished with return 1.0000 over 500 steps success=0
Eval episode 135 finished with return 1.0000 over 500 steps success=0
Eval episode 136 finished with return 1.0000 over 500 steps success=0
Eval episode 137 finished with return 1.0000 over 500 steps success=0
Eval episode 138 finished with return 1.0000 over 500 steps success=0
Eval episode 139 finished with return 1.0000 over 500 steps success=0
Eval episode 140 finished with return 1.0000 over 500 steps success=0
Eval episode 141 finished with return 1.0000 over 500 steps success=0
Eval episode 142 finished with return 1.0000 over 500 steps success=0
Eval episode 143 finished with return 1.0000 over 500 steps success=0
Eval episode 144 finished with return 1.0000 over 500 steps success=0
Eval episode 145 finished with return 1.0000 over 500 steps success=0
Eval episode 146 finished with return 1.0000 over 500 steps success=0
Eval episode 147 finished with return 1.0000 over 500 steps success=0
Eval episode 148 finished with return 1.0000 over 500 steps success=0
Eval episode 149 finished with return 1.0000 over 500 steps success=0
Eval episode 150 finished with return 1.0000 over 500 steps success=0
Eval episode 151 finished with return 1.0000 over 500 steps success=0
Eval episode 152 finished with return 1.0000 over 500 steps success=0
Eval episode 153 finished with return 1.0000 over 500 steps success=0
Eval episode 154 finished with return 1.0000 over 500 steps success=0
Eval episode 155 finished with return 1.0000 over 500 steps success=0
Eval episode 156 finished with return 1.0000 over 500 steps success=0
Eval episode 157 finished with return 1.0000 over 500 steps success=0
Eval episode 158 finished with return 1.0000 over 500 steps success=0
Eval episode 159 finished with return 1.0000 over 500 steps success=0
Eval episode 160 finished with return 1.0000 over 500 steps success=0
Eval episode 161 finished with return 1.0000 over 500 steps success=0
Eval episode 162 finished with return 1.0000 over 500 steps success=0
Eval episode 163 finished with return 1.0000 over 500 steps success=0
Eval episode 164 finished with return 1.0000 over 500 steps success=0
Eval episode 165 finished with return 1.0000 over 500 steps success=0
Eval episode 166 finished with return 1.0000 over 500 steps success=0
Eval episode 167 finished with return 1.0000 over 500 steps success=0
Eval episode 168 finished with return 1.0000 over 500 steps success=0
Eval episode 169 finished with return 1.0000 over 500 steps success=0
Eval episode 170 finished with return 1.0000 over 500 steps success=0
Eval episode 171 finished with return 1.0000 over 500 steps success=0
Eval episode 172 finished with return 1.0000 over 500 steps success=0
Eval episode 173 finished with return 1.0000 over 500 steps success=0
Eval episode 174 finished with return 1.0000 over 500 steps success=0
Eval episode 175 finished with return 1.0000 over 500 steps success=0
Eval episode 176 finished with return 1.0000 over 500 steps success=0
Eval episode 177 finished with return 1.0000 over 500 steps success=0
Eval episode 178 finished with return 1.0000 over 500 steps success=0
Eval episode 179 finished with return 1.0000 over 500 steps success=0
Eval episode 180 finished with return 1.0000 over 500 steps success=0
Eval episode 181 finished with return 1.0000 over 500 steps success=0
Eval episode 182 finished with return 1.0000 over 500 steps success=0
Eval episode 183 finished with return 1.0000 over 500 steps success=0
Eval episode 184 finished with return 1.0000 over 500 steps success=0
Eval episode 185 finished with return 1.0000 over 500 steps success=0
Eval episode 186 finished with return 1.0000 over 500 steps success=0
Eval episode 187 finished with return 1.0000 over 500 steps success=0
Eval episode 188 finished with return 1.0000 over 500 steps success=0
Eval episode 189 finished with return 1.0000 over 500 steps success=0
Eval episode 190 finished with return 1.0000 over 500 steps success=0
Eval episode 191 finished with return 1.0000 over 500 steps success=0
Eval episode 192 finished with return 1.0000 over 500 steps success=0
Eval episode 193 finished with return 1.0000 over 500 steps success=0
Eval episode 194 finished with return 1.0000 over 500 steps success=0
Eval episode 195 finished with return 1.0000 over 500 steps success=0
Eval episode 196 finished with return 1.0000 over 500 steps success=0
Eval episode 197 finished with return 1.0000 over 500 steps success=0
Eval episode 198 finished with return 1.0000 over 500 steps success=0
Eval episode 199 finished with return 1.0000 over 500 steps success=0
Eval episode 200 finished with return 1.0000 over 500 steps success=0
Eval episode 201 finished with return 1.0000 over 500 steps success=0
Eval episode 202 finished with return 1.0000 over 500 steps success=0
Eval episode 203 finished with return 1.0000 over 500 steps success=0
Eval episode 204 finished with return 1.0000 over 500 steps success=0
Eval episode 205 finished with return 1.0000 over 500 steps success=0
Eval episode 206 finished with return 1.0000 over 500 steps success=0
Eval episode 207 finished with return 1.0000 over 500 steps success=0
Eval episode 208 finished with return 1.0000 over 500 steps success=0
Eval episode 209 finished with return 1.0000 over 500 steps success=0
Eval episode 210 finished with return 1.0000 over 500 steps success=0
Eval episode 211 finished with return 1.0000 over 500 steps success=0
Eval episode 212 finished with return 1.0000 over 500 steps success=0
Eval episode 213 finished with return 1.0000 over 500 steps success=0
Eval episode 214 finished with return 1.0000 over 500 steps success=0
Eval episode 215 finished with return 1.0000 over 500 steps success=0
Eval episode 216 finished with return 1.0000 over 500 steps success=0
Eval episode 217 finished with return 1.0000 over 500 steps success=0
Eval episode 218 finished with return 1.0000 over 500 steps success=0
Eval episode 219 finished with return 1.0000 over 500 steps success=0
Eval episode 220 finished with return 1.0000 over 500 steps success=0
Eval episode 221 finished with return 1.0000 over 500 steps success=0
Eval episode 222 finished with return 1.0000 over 500 steps success=0
Eval episode 223 finished with return 1.0000 over 500 steps success=0
Eval episode 224 finished with return 1.0000 over 500 steps success=0
Eval episode 225 finished with return 1.0000 over 500 steps success=0
Eval episode 226 finished with return 1.0000 over 500 steps success=0
Eval episode 227 finished with return 1.0000 over 500 steps success=0
Eval episode 228 finished with return 1.0000 over 500 steps success=0
Eval episode 229 finished with return 1.0000 over 500 steps success=0
Eval episode 230 finished with return 1.0000 over 500 steps success=0
Eval episode 231 finished with return 1.0000 over 500 steps success=0
Eval episode 232 finished with return 1.0000 over 500 steps success=0
Eval episode 233 finished with return 1.0000 over 500 steps success=0
Eval episode 234 finished with return 1.0000 over 500 steps success=0
Eval episode 235 finished with return 1.0000 over 500 steps success=0
Eval episode 236 finished with return 1.0000 over 500 steps success=0
Eval episode 237 finished with return 1.0000 over 500 steps success=0
Eval episode 238 finished with return 1.0000 over 500 steps success=0
Eval episode 239 finished with return 1.0000 over 500 steps success=0
Eval episode 240 finished with return 1.0000 over 500 steps success=0
Eval episode 241 finished with return 1.0000 over 500 steps success=0
Eval episode 242 finished with return 1.0000 over 500 steps success=0
Eval episode 243 finished with return 1.0000 over 500 steps success=0
Eval episode 244 finished with return 1.0000 over 500 steps success=0
Eval episode 245 finished with return 1.0000 over 500 steps success=0
Eval episode 246 finished with return 1.0000 over 500 steps success=0
Eval episode 247 finished with return 1.0000 over 500 steps success=0
Eval episode 248 finished with return 1.0000 over 500 steps success=0
Eval episode 249 finished with return 1.0000 over 500 steps success=0
Eval episode 250 finished with return 1.0000 over 500 steps success=0
Eval episode 251 finished with return 1.0000 over 500 steps success=0
Eval episode 252 finished with return 1.0000 over 500 steps success=0
Eval episode 253 finished with return 1.0000 over 500 steps success=0
Eval episode 254 finished with return 1.0000 over 500 steps success=0
Eval episode 255 finished with return 1.0000 over 500 steps success=0
Eval episode 256 finished with return 1.0000 over 500 steps success=0
Eval episode 257 finished with return 1.0000 over 500 steps success=0
Eval episode 258 finished with return 1.0000 over 500 steps success=0
Eval episode 259 finished with return 1.0000 over 500 steps success=0
Eval episode 260 finished with return 1.0000 over 500 steps success=0
Eval episode 261 finished with return 1.0000 over 500 steps success=0
Eval episode 262 finished with return 1.0000 over 500 steps success=0
Eval episode 263 finished with return 1.0000 over 500 steps success=0
Eval episode 264 finished with return 1.0000 over 500 steps success=0
Eval episode 265 finished with return 1.0000 over 500 steps success=0
Eval episode 266 finished with return 1.0000 over 500 steps success=0
Eval episode 267 finished with return 1.0000 over 500 steps success=0
Eval episode 268 finished with return 1.0000 over 500 steps success=0
Eval episode 269 finished with return 1.0000 over 500 steps success=0
Eval episode 270 finished with return 1.0000 over 500 steps success=0
Eval episode 271 finished with return 1.0000 over 500 steps success=0
Eval episode 272 finished with return 1.0000 over 500 steps success=0
Eval episode 273 finished with return 1.0000 over 500 steps success=0
Eval episode 274 finished with return 1.0000 over 500 steps success=0
Eval episode 275 finished with return 1.0000 over 500 steps success=0
Eval episode 276 finished with return 1.0000 over 500 steps success=0
Eval episode 277 finished with return 1.0000 over 500 steps success=0
Eval episode 278 finished with return 1.0000 over 500 steps success=0
Eval episode 279 finished with return 1.0000 over 500 steps success=0
Eval episode 280 finished with return 1.0000 over 500 steps success=0
Eval episode 281 finished with return 1.0000 over 500 steps success=0
Eval episode 282 finished with return 1.0000 over 500 steps success=0
Eval episode 283 finished with return 1.0000 over 500 steps success=0
Eval episode 284 finished with return 1.0000 over 500 steps success=0
Eval episode 285 finished with return 1.0000 over 500 steps success=0
Eval episode 286 finished with return 1.0000 over 500 steps success=0
Eval episode 287 finished with return 1.0000 over 500 steps success=0
Eval episode 288 finished with return 1.0000 over 500 steps success=0
Eval episode 289 finished with return 1.0000 over 500 steps success=0
Eval episode 290 finished with return 1.0000 over 500 steps success=0
Eval episode 291 finished with return 1.0000 over 500 steps success=0
Eval episode 292 finished with return 1.0000 over 500 steps success=0
Eval episode 293 finished with return 1.0000 over 500 steps success=0
Eval episode 294 finished with return 1.0000 over 500 steps success=0
Eval episode 295 finished with return 1.0000 over 500 steps success=0
Eval episode 296 finished with return 1.0000 over 500 steps success=0
Eval episode 297 finished with return 1.0000 over 500 steps success=0
Eval episode 298 finished with return 1.0000 over 500 steps success=0
Eval episode 299 finished with return 1.0000 over 500 steps success=0
Eval episode 300 finished with return 1.0000 over 500 steps success=0
Eval episode 301 finished with return 1.0000 over 500 steps success=0
Eval episode 302 finished with return 1.0000 over 500 steps success=0
Eval episode 303 finished with return 1.0000 over 500 steps success=0
Eval episode 304 finished with return 1.0000 over 500 steps success=0
Eval episode 305 finished with return 1.0000 over 500 steps success=0
Eval episode 306 finished with return 1.0000 over 500 steps success=0
Eval episode 307 finished with return 1.0000 over 500 steps success=0
Eval episode 308 finished with return 1.0000 over 500 steps success=0
Eval episode 309 finished with return 1.0000 over 500 steps success=0
Eval episode 310 finished with return 1.0000 over 500 steps success=0
Eval episode 311 finished with return 1.0000 over 500 steps success=0
Eval episode 312 finished with return 1.0000 over 500 steps success=0
Eval episode 313 finished with return 1.0000 over 500 steps success=0
Eval episode 314 finished with return 1.0000 over 500 steps success=0
Eval episode 315 finished with return 1.0000 over 500 steps success=0
Eval episode 316 finished with return 1.0000 over 500 steps success=0
Eval episode 317 finished with return 1.0000 over 500 steps success=0
Eval episode 318 finished with return 1.0000 over 500 steps success=0
Eval episode 319 finished with return 1.0000 over 500 steps success=0
Eval episode 320 finished with return 1.0000 over 500 steps success=0
Eval episode 321 finished with return 1.0000 over 500 steps success=0
Eval episode 322 finished with return 1.0000 over 500 steps success=0
Eval episode 323 finished with return 1.0000 over 500 steps success=0
Eval episode 324 finished with return 1.0000 over 500 steps success=0
Eval episode 325 finished with return 1.0000 over 500 steps success=0
Eval episode 326 finished with return 1.0000 over 500 steps success=0
Eval episode 327 finished with return 1.0000 over 500 steps success=0
Eval episode 328 finished with return 1.0000 over 500 steps success=0
Eval episode 329 finished with return 1.0000 over 500 steps success=0
Eval episode 330 finished with return 1.0000 over 500 steps success=0
Eval episode 331 finished with return 1.0000 over 500 steps success=0
Eval episode 332 finished with return 1.0000 over 500 steps success=0
Eval episode 333 finished with return 1.0000 over 500 steps success=0
Eval episode 334 finished with return 1.0000 over 500 steps success=0
Eval episode 335 finished with return 1.0000 over 500 steps success=0
Eval episode 336 finished with return 1.0000 over 500 steps success=0
Eval episode 337 finished with return 1.0000 over 500 steps success=0
Eval episode 338 finished with return 1.0000 over 500 steps success=0
Eval episode 339 finished with return 1.0000 over 500 steps success=0
Eval episode 340 finished with return 1.0000 over 500 steps success=0
Eval episode 341 finished with return 1.0000 over 500 steps success=0
Eval episode 342 finished with return 1.0000 over 500 steps success=0
Eval episode 343 finished with return 1.0000 over 500 steps success=0
Eval episode 344 finished with return 1.0000 over 500 steps success=0
Eval episode 345 finished with return 1.0000 over 500 steps success=0
Eval episode 346 finished with return 1.0000 over 500 steps success=0
Eval episode 347 finished with return 1.0000 over 500 steps success=0
Eval episode 348 finished with return 1.0000 over 500 steps success=0
Eval episode 349 finished with return 1.0000 over 500 steps success=0
Eval episode 350 finished with return 1.0000 over 500 steps success=0
Eval episode 351 finished with return 1.0000 over 500 steps success=0
Eval episode 352 finished with return 1.0000 over 500 steps success=0
Eval episode 353 finished with return 1.0000 over 500 steps success=0
Eval episode 354 finished with return 1.0000 over 500 steps success=0
Eval episode 355 finished with return 1.0000 over 500 steps success=0
Eval episode 356 finished with return 1.0000 over 500 steps success=0
Eval episode 357 finished with return 1.0000 over 500 steps success=0
Eval episode 358 finished with return 1.0000 over 500 steps success=0
Eval episode 359 finished with return 1.0000 over 500 steps success=0
Eval episode 360 finished with return 1.0000 over 500 steps success=0
Eval episode 361 finished with return 1.0000 over 500 steps success=0
Eval episode 362 finished with return 1.0000 over 500 steps success=0
Eval episode 363 finished with return 1.0000 over 500 steps success=0
Eval episode 364 finished with return 1.0000 over 500 steps success=0
Eval episode 365 finished with return 1.0000 over 500 steps success=0
Eval episode 366 finished with return 1.0000 over 500 steps success=0
Eval episode 367 finished with return 1.0000 over 500 steps success=0
Eval episode 368 finished with return 1.0000 over 500 steps success=0
Eval episode 369 finished with return 1.0000 over 500 steps success=0
Eval episode 370 finished with return 1.0000 over 500 steps success=0
Eval episode 371 finished with return 1.0000 over 500 steps success=0
Eval episode 372 finished with return 1.0000 over 500 steps success=0
Eval episode 373 finished with return 1.0000 over 500 steps success=0
Eval episode 374 finished with return 1.0000 over 500 steps success=0
Eval episode 375 finished with return 1.0000 over 500 steps success=0
Eval episode 376 finished with return 1.0000 over 500 steps success=0
Eval episode 377 finished with return 1.0000 over 500 steps success=0
Eval episode 378 finished with return 1.0000 over 500 steps success=0
Eval episode 379 finished with return 1.0000 over 500 steps success=0
Eval episode 380 finished with return 1.0000 over 500 steps success=0
Eval episode 381 finished with return 1.0000 over 500 steps success=0
Eval episode 382 finished with return 1.0000 over 500 steps success=0
Eval episode 383 finished with return 1.0000 over 500 steps success=0
Eval episode 384 finished with return 1.0000 over 500 steps success=0
Eval episode 385 finished with return 1.0000 over 500 steps success=0
Eval episode 386 finished with return 1.0000 over 500 steps success=0
Eval episode 387 finished with return 1.0000 over 500 steps success=0
Eval episode 388 finished with return 1.0000 over 500 steps success=0
Eval episode 389 finished with return 1.0000 over 500 steps success=0
Eval episode 390 finished with return 1.0000 over 500 steps success=0
Eval episode 391 finished with return 1.0000 over 500 steps success=0
Eval episode 392 finished with return 1.0000 over 500 steps success=0
Eval episode 393 finished with return 1.0000 over 500 steps success=0
Eval episode 394 finished with return 1.0000 over 500 steps success=0
Eval episode 395 finished with return 1.0000 over 500 steps success=0
Eval episode 396 finished with return 1.0000 over 500 steps success=0
Eval episode 397 finished with return 1.0000 over 500 steps success=0
Eval episode 398 finished with return 1.0000 over 500 steps success=0
Eval episode 399 finished with return 1.0000 over 500 steps success=0
Eval episode 400 finished with return 1.0000 over 500 steps success=0
Eval episode 401 finished with return 1.0000 over 500 steps success=0
Eval episode 402 finished with return 1.0000 over 500 steps success=0
Eval episode 403 finished with return 1.0000 over 500 steps success=0
Eval episode 404 finished with return 1.0000 over 500 steps success=0
Eval episode 405 finished with return 1.0000 over 500 steps success=0
Eval episode 406 finished with return 1.0000 over 500 steps success=0
Eval episode 407 finished with return 1.0000 over 500 steps success=0
Eval episode 408 finished with return 1.0000 over 500 steps success=0
Eval episode 409 finished with return 1.0000 over 500 steps success=0
Eval episode 410 finished with return 1.0000 over 500 steps success=0
Eval episode 411 finished with return 1.0000 over 500 steps success=0
Eval episode 412 finished with return 1.0000 over 500 steps success=0
Eval episode 413 finished with return 1.0000 over 500 steps success=0
Eval episode 414 finished with return 1.0000 over 500 steps success=0
Eval episode 415 finished with return 1.0000 over 500 steps success=0
Eval episode 416 finished with return 1.0000 over 500 steps success=0
Eval episode 417 finished with return 1.0000 over 500 steps success=0
Eval episode 418 finished with return 1.0000 over 500 steps success=0
Eval episode 419 finished with return 1.0000 over 500 steps success=0
Eval episode 420 finished with return 1.0000 over 500 steps success=0
Eval episode 421 finished with return 1.0000 over 500 steps success=0
Eval episode 422 finished with return 1.0000 over 500 steps success=0
Eval episode 423 finished with return 1.0000 over 500 steps success=0
Eval episode 424 finished with return 1.0000 over 500 steps success=0
Eval episode 425 finished with return 1.0000 over 500 steps success=0
Eval episode 426 finished with return 1.0000 over 500 steps success=0
Eval episode 427 finished with return 1.0000 over 500 steps success=0
Eval episode 428 finished with return 1.0000 over 500 steps success=0
Eval episode 429 finished with return 1.0000 over 500 steps success=0
Eval episode 430 finished with return 1.0000 over 500 steps success=0
Eval episode 431 finished with return 1.0000 over 500 steps success=0
Eval episode 432 finished with return 1.0000 over 500 steps success=0
Eval episode 433 finished with return 1.0000 over 500 steps success=0
Eval episode 434 finished with return 1.0000 over 500 steps success=0
Eval episode 435 finished with return 1.0000 over 500 steps success=0
Eval episode 436 finished with return 1.0000 over 500 steps success=0
Eval episode 437 finished with return 1.0000 over 500 steps success=0
Eval episode 438 finished with return 1.0000 over 500 steps success=0
Eval episode 439 finished with return 1.0000 over 500 steps success=0
Eval episode 440 finished with return 1.0000 over 500 steps success=0
Eval episode 441 finished with return 1.0000 over 500 steps success=0
Eval episode 442 finished with return 1.0000 over 500 steps success=0
Eval episode 443 finished with return 1.0000 over 500 steps success=0
Eval episode 444 finished with return 1.0000 over 500 steps success=0
Eval episode 445 finished with return 1.0000 over 500 steps success=0
Eval episode 446 finished with return 1.0000 over 500 steps success=0
Eval episode 447 finished with return 1.0000 over 500 steps success=0
Eval episode 448 finished with return 1.0000 over 500 steps success=0
Eval episode 449 finished with return 1.0000 over 500 steps success=0
Eval episode 450 finished with return 1.0000 over 500 steps success=0
Eval episode 451 finished with return 1.0000 over 500 steps success=0
Eval episode 452 finished with return 1.0000 over 500 steps success=0
Eval episode 453 finished with return 1.0000 over 500 steps success=0
Eval episode 454 finished with return 1.0000 over 500 steps success=0
Eval episode 455 finished with return 1.0000 over 500 steps success=0
Eval episode 456 finished with return 1.0000 over 500 steps success=0
Eval episode 457 finished with return 1.0000 over 500 steps success=0
Eval episode 458 finished with return 1.0000 over 500 steps success=0
Eval episode 459 finished with return 1.0000 over 500 steps success=0
Eval episode 460 finished with return 1.0000 over 500 steps success=0
Eval episode 461 finished with return 1.0000 over 500 steps success=0
Eval episode 462 finished with return 1.0000 over 500 steps success=0
Eval episode 463 finished with return 1.0000 over 500 steps success=0
Eval episode 464 finished with return 1.0000 over 500 steps success=0
Eval episode 465 finished with return 1.0000 over 500 steps success=0
Eval episode 466 finished with return 1.0000 over 500 steps success=0
Eval episode 467 finished with return 1.0000 over 500 steps success=0
Eval episode 468 finished with return 1.0000 over 500 steps success=0
Eval episode 469 finished with return 1.0000 over 500 steps success=0
Eval episode 470 finished with return 1.0000 over 500 steps success=0
Eval episode 471 finished with return 1.0000 over 500 steps success=0
Eval episode 472 finished with return 1.0000 over 500 steps success=0
Eval episode 473 finished with return 1.0000 over 500 steps success=0
Eval episode 474 finished with return 1.0000 over 500 steps success=0
Eval episode 475 finished with return 1.0000 over 500 steps success=0
Eval episode 476 finished with return 1.0000 over 500 steps success=0
Eval episode 477 finished with return 1.0000 over 500 steps success=0
Eval episode 478 finished with return 1.0000 over 500 steps success=0
Eval episode 479 finished with return 1.0000 over 500 steps success=0
Eval episode 480 finished with return 1.0000 over 500 steps success=0
Eval episode 481 finished with return 1.0000 over 500 steps success=0
Eval episode 482 finished with return 1.0000 over 500 steps success=0
Eval episode 483 finished with return 1.0000 over 500 steps success=0
Eval episode 484 finished with return 1.0000 over 500 steps success=0
Eval episode 485 finished with return 1.0000 over 500 steps success=0
Eval episode 486 finished with return 1.0000 over 500 steps success=0
Eval episode 487 finished with return 1.0000 over 500 steps success=0
Eval episode 488 finished with return 1.0000 over 500 steps success=0
Eval episode 489 finished with return 1.0000 over 500 steps success=0
Eval episode 490 finished with return 1.0000 over 500 steps success=0
Eval episode 491 finished with return 1.0000 over 500 steps success=0
Eval episode 492 finished with return 1.0000 over 500 steps success=0
Eval episode 493 finished with return 1.0000 over 500 steps success=0
Eval episode 494 finished with return 1.0000 over 500 steps success=0
Eval episode 495 finished with return 1.0000 over 500 steps success=0
Eval episode 496 finished with return 1.0000 over 500 steps success=0
Eval episode 497 finished with return 1.0000 over 500 steps success=0
Eval episode 498 finished with return 1.0000 over 500 steps success=0
Eval episode 499 finished with return 1.0000 over 500 steps success=0
Eval episode 500 finished with return 1.0000 over 500 steps success=0
Eval episode 501 finished with return 1.0000 over 500 steps success=0
Eval episode 502 finished with return 1.0000 over 500 steps success=0
Eval episode 503 finished with return 1.0000 over 500 steps success=0
Eval episode 504 finished with return 1.0000 over 500 steps success=0
Eval episode 505 finished with return 1.0000 over 500 steps success=0
Eval episode 506 finished with return 1.0000 over 500 steps success=0
Eval episode 507 finished with return 1.0000 over 500 steps success=0
Eval episode 508 finished with return 1.0000 over 500 steps success=0
Eval episode 509 finished with return 1.0000 over 500 steps success=0
Eval episode 510 finished with return 1.0000 over 500 steps success=0
Eval episode 511 finished with return 1.0000 over 500 steps success=0
Eval episode 512 finished with return 1.0000 over 500 steps success=0
Eval episode 513 finished with return 1.0000 over 500 steps success=0
Eval episode 514 finished with return 1.0000 over 500 steps success=0
Eval episode 515 finished with return 1.0000 over 500 steps success=0
Eval episode 516 finished with return 1.0000 over 500 steps success=0
Eval episode 517 finished with return 1.0000 over 500 steps success=0
Eval episode 518 finished with return 1.0000 over 500 steps success=0
Eval episode 519 finished with return 1.0000 over 500 steps success=0
Eval episode 520 finished with return 1.0000 over 500 steps success=0
Eval episode 521 finished with return 1.0000 over 500 steps success=0
Eval episode 522 finished with return 1.0000 over 500 steps success=0
Eval episode 523 finished with return 1.0000 over 500 steps success=0
Eval episode 524 finished with return 1.0000 over 500 steps success=0
Eval episode 525 finished with return 1.0000 over 500 steps success=0
Eval episode 526 finished with return 1.0000 over 500 steps success=0
Eval episode 527 finished with return 1.0000 over 500 steps success=0
Eval episode 528 finished with return 1.0000 over 500 steps success=0
Eval episode 529 finished with return 1.0000 over 500 steps success=0
Eval episode 530 finished with return 1.0000 over 500 steps success=0
Eval episode 531 finished with return 1.0000 over 500 steps success=0
Eval episode 532 finished with return 1.0000 over 500 steps success=0
Eval episode 533 finished with return 1.0000 over 500 steps success=0
Eval episode 534 finished with return 1.0000 over 500 steps success=0
Eval episode 535 finished with return 1.0000 over 500 steps success=0
Eval episode 536 finished with return 1.0000 over 500 steps success=0
Eval episode 537 finished with return 1.0000 over 500 steps success=0
Eval episode 538 finished with return 1.0000 over 500 steps success=0
Eval episode 539 finished with return 1.0000 over 500 steps success=0
Eval episode 540 finished with return 1.0000 over 500 steps success=0
Eval episode 541 finished with return 1.0000 over 500 steps success=0
Eval episode 542 finished with return 1.0000 over 500 steps success=0
Eval episode 543 finished with return 1.0000 over 500 steps success=0
Eval episode 544 finished with return 1.0000 over 500 steps success=0
Eval episode 545 finished with return 1.0000 over 500 steps success=0
Eval episode 546 finished with return 1.0000 over 500 steps success=0
Eval episode 547 finished with return 1.0000 over 500 steps success=0
Eval episode 548 finished with return 1.0000 over 500 steps success=0
Eval episode 549 finished with return 1.0000 over 500 steps success=0
Eval episode 550 finished with return 1.0000 over 500 steps success=0
Eval episode 551 finished with return 1.0000 over 500 steps success=0
Eval episode 552 finished with return 1.0000 over 500 steps success=0
Eval episode 553 finished with return 1.0000 over 500 steps success=0
Eval episode 554 finished with return 1.0000 over 500 steps success=0
Eval episode 555 finished with return 1.0000 over 500 steps success=0
Eval episode 556 finished with return 1.0000 over 500 steps success=0
Eval episode 557 finished with return 1.0000 over 500 steps success=0
Eval episode 558 finished with return 1.0000 over 500 steps success=0
Eval episode 559 finished with return 1.0000 over 500 steps success=0
Eval episode 560 finished with return 1.0000 over 500 steps success=0
Eval episode 561 finished with return 1.0000 over 500 steps success=0
Eval episode 562 finished with return 1.0000 over 500 steps success=0
Eval episode 563 finished with return 1.0000 over 500 steps success=0
Eval episode 564 finished with return 1.0000 over 500 steps success=0
Eval episode 565 finished with return 1.0000 over 500 steps success=0
Eval episode 566 finished with return 1.0000 over 500 steps success=0
Eval episode 567 finished with return 1.0000 over 500 steps success=0
Eval episode 568 finished with return 1.0000 over 500 steps success=0
Eval episode 569 finished with return 1.0000 over 500 steps success=0
Eval episode 570 finished with return 1.0000 over 500 steps success=0
Eval episode 571 finished with return 1.0000 over 500 steps success=0
Eval episode 572 finished with return 1.0000 over 500 steps success=0
Eval episode 573 finished with return 1.0000 over 500 steps success=0
Eval episode 574 finished with return 1.0000 over 500 steps success=0
Eval episode 575 finished with return 1.0000 over 500 steps success=0
Eval episode 576 finished with return 1.0000 over 500 steps success=0
Eval episode 577 finished with return 1.0000 over 500 steps success=0
Eval episode 578 finished with return 1.0000 over 500 steps success=0
Eval episode 579 finished with return 1.0000 over 500 steps success=0
Eval episode 580 finished with return 1.0000 over 500 steps success=0
Eval episode 581 finished with return 1.0000 over 500 steps success=0
Eval episode 582 finished with return 1.0000 over 500 steps success=0
Eval episode 583 finished with return 1.0000 over 500 steps success=0
Eval episode 584 finished with return 1.0000 over 500 steps success=0
Eval episode 585 finished with return 1.0000 over 500 steps success=0
Eval episode 586 finished with return 1.0000 over 500 steps success=0
Eval episode 587 finished with return 1.0000 over 500 steps success=0
Eval episode 588 finished with return 1.0000 over 500 steps success=0
Eval episode 589 finished with return 1.0000 over 500 steps success=0
Eval episode 590 finished with return 1.0000 over 500 steps success=0
Eval episode 591 finished with return 1.0000 over 500 steps success=0
Eval episode 592 finished with return 1.0000 over 500 steps success=0
Eval episode 593 finished with return 1.0000 over 500 steps success=0
Eval episode 594 finished with return 1.0000 over 500 steps success=0
Eval episode 595 finished with return 1.0000 over 500 steps success=0
Eval episode 596 finished with return 1.0000 over 500 steps success=0
Eval episode 597 finished with return 1.0000 over 500 steps success=0
Eval episode 598 finished with return 1.0000 over 500 steps success=0
Eval episode 599 finished with return 1.0000 over 500 steps success=0
Eval episode 600 finished with return 1.0000 over 500 steps success=0
Eval episode 601 finished with return 1.0000 over 500 steps success=0
Eval episode 602 finished with return 1.0000 over 500 steps success=0
Eval episode 603 finished with return 1.0000 over 500 steps success=0
Eval episode 604 finished with return 1.0000 over 500 steps success=0
Eval episode 605 finished with return 1.0000 over 500 steps success=0
Eval episode 606 finished with return 1.0000 over 500 steps success=0
Eval episode 607 finished with return 1.0000 over 500 steps success=0
Eval episode 608 finished with return 1.0000 over 500 steps success=0
Eval episode 609 finished with return 1.0000 over 500 steps success=0
Eval episode 610 finished with return 1.0000 over 500 steps success=0
Eval episode 611 finished with return 1.0000 over 500 steps success=0
Eval episode 612 finished with return 1.0000 over 500 steps success=0
Eval episode 613 finished with return 1.0000 over 500 steps success=0
Eval episode 614 finished with return 1.0000 over 500 steps success=0
Eval episode 615 finished with return 1.0000 over 500 steps success=0
Eval episode 616 finished with return 1.0000 over 500 steps success=0
Eval episode 617 finished with return 1.0000 over 500 steps success=0
Eval episode 618 finished with return 1.0000 over 500 steps success=0
Eval episode 619 finished with return 1.0000 over 500 steps success=0
Eval episode 620 finished with return 1.0000 over 500 steps success=0
Eval episode 621 finished with return 1.0000 over 500 steps success=0
Eval episode 622 finished with return 1.0000 over 500 steps success=0
Eval episode 623 finished with return 1.0000 over 500 steps success=0
Eval episode 624 finished with return 1.0000 over 500 steps success=0
Eval episode 625 finished with return 1.0000 over 500 steps success=0
Eval episode 626 finished with return 1.0000 over 500 steps success=0
Eval episode 627 finished with return 1.0000 over 500 steps success=0
Eval episode 628 finished with return 1.0000 over 500 steps success=0
Eval episode 629 finished with return 1.0000 over 500 steps success=0
Eval episode 630 finished with return 1.0000 over 500 steps success=0
Eval episode 631 finished with return 1.0000 over 500 steps success=0
Eval episode 632 finished with return 1.0000 over 500 steps success=0
Eval episode 633 finished with return 1.0000 over 500 steps success=0
Eval episode 634 finished with return 1.0000 over 500 steps success=0
Eval episode 635 finished with return 1.0000 over 500 steps success=0
Eval episode 636 finished with return 1.0000 over 500 steps success=0
Eval episode 637 finished with return 1.0000 over 500 steps success=0
Eval episode 638 finished with return 1.0000 over 500 steps success=0
Eval episode 639 finished with return 1.0000 over 500 steps success=0
Eval episode 640 finished with return 1.0000 over 500 steps success=0
Eval episode 641 finished with return 1.0000 over 500 steps success=0
Eval episode 642 finished with return 1.0000 over 500 steps success=0
Eval episode 643 finished with return 1.0000 over 500 steps success=0
Eval episode 644 finished with return 1.0000 over 500 steps success=0
Eval episode 645 finished with return 1.0000 over 500 steps success=0
Eval episode 646 finished with return 1.0000 over 500 steps success=0
Eval episode 647 finished with return 1.0000 over 500 steps success=0
Eval episode 648 finished with return 1.0000 over 500 steps success=0
Eval episode 649 finished with return 1.0000 over 500 steps success=0
Eval episode 650 finished with return 1.0000 over 500 steps success=0
Eval episode 651 finished with return 1.0000 over 500 steps success=0
Eval episode 652 finished with return 1.0000 over 500 steps success=0
Eval episode 653 finished with return 1.0000 over 500 steps success=0
Eval episode 654 finished with return 1.0000 over 500 steps success=0
Eval episode 655 finished with return 1.0000 over 500 steps success=0
Eval episode 656 finished with return 1.0000 over 500 steps success=0
Eval episode 657 finished with return 1.0000 over 500 steps success=0
Eval episode 658 finished with return 1.0000 over 500 steps success=0
Eval episode 659 finished with return 1.0000 over 500 steps success=0
Eval episode 660 finished with return 1.0000 over 500 steps success=0
Eval episode 661 finished with return 1.0000 over 500 steps success=0
Eval episode 662 finished with return 1.0000 over 500 steps success=0
Eval episode 663 finished with return 1.0000 over 500 steps success=0
Eval episode 664 finished with return 1.0000 over 500 steps success=0
Eval episode 665 finished with return 1.0000 over 500 steps success=0
Eval episode 666 finished with return 1.0000 over 500 steps success=0
Eval episode 667 finished with return 1.0000 over 500 steps success=0
Eval episode 668 finished with return 1.0000 over 500 steps success=0
Eval episode 669 finished with return 1.0000 over 500 steps success=0
Eval episode 670 finished with return 1.0000 over 500 steps success=0
Eval episode 671 finished with return 1.0000 over 500 steps success=0
Eval episode 672 finished with return 1.0000 over 500 steps success=0
Eval episode 673 finished with return 1.0000 over 500 steps success=0
Eval episode 674 finished with return 1.0000 over 500 steps success=0
Eval episode 675 finished with return 1.0000 over 500 steps success=0
Eval episode 676 finished with return 1.0000 over 500 steps success=0
Eval episode 677 finished with return 1.0000 over 500 steps success=0
Eval episode 678 finished with return 1.0000 over 500 steps success=0
Eval episode 679 finished with return 1.0000 over 500 steps success=0
Eval episode 680 finished with return 1.0000 over 500 steps success=0
Eval episode 681 finished with return 1.0000 over 500 steps success=0
Eval episode 682 finished with return 1.0000 over 500 steps success=0
Eval episode 683 finished with return 1.0000 over 500 steps success=0
Eval episode 684 finished with return 1.0000 over 500 steps success=0
Eval episode 685 finished with return 1.0000 over 500 steps success=0
Eval episode 686 finished with return 1.0000 over 500 steps success=0
Eval episode 687 finished with return 1.0000 over 500 steps success=0
Eval episode 688 finished with return 1.0000 over 500 steps success=0
Eval episode 689 finished with return 1.0000 over 500 steps success=0
Eval episode 690 finished with return 1.0000 over 500 steps success=0
Eval episode 691 finished with return 1.0000 over 500 steps success=0
Eval episode 692 finished with return 1.0000 over 500 steps success=0
Eval episode 693 finished with return 1.0000 over 500 steps success=0
Eval episode 694 finished with return 1.0000 over 500 steps success=0
Eval episode 695 finished with return 1.0000 over 500 steps success=0
Eval episode 696 finished with return 1.0000 over 500 steps success=0
Eval episode 697 finished with return 1.0000 over 500 steps success=0
Eval episode 698 finished with return 1.0000 over 500 steps success=0
Eval episode 699 finished with return 1.0000 over 500 steps success=0
Eval episode 700 finished with return 1.0000 over 500 steps success=0
Eval episode 701 finished with return 1.0000 over 500 steps success=0
Eval episode 702 finished with return 1.0000 over 500 steps success=0
Eval episode 703 finished with return 1.0000 over 500 steps success=0
Eval episode 704 finished with return 1.0000 over 500 steps success=0
Eval episode 705 finished with return 1.0000 over 500 steps success=0
Eval episode 706 finished with return 1.0000 over 500 steps success=0
Eval episode 707 finished with return 1.0000 over 500 steps success=0
Eval episode 708 finished with return 1.0000 over 500 steps success=0
Eval episode 709 finished with return 1.0000 over 500 steps success=0
Eval episode 710 finished with return 1.0000 over 500 steps success=0
Eval episode 711 finished with return 1.0000 over 500 steps success=0
Eval episode 712 finished with return 1.0000 over 500 steps success=0
Eval episode 713 finished with return 1.0000 over 500 steps success=0
Eval episode 714 finished with return 1.0000 over 500 steps success=0
Eval episode 715 finished with return 1.0000 over 500 steps success=0
Eval episode 716 finished with return 1.0000 over 500 steps success=0
Eval episode 717 finished with return 1.0000 over 500 steps success=0
Eval episode 718 finished with return 1.0000 over 500 steps success=0
Eval episode 719 finished with return 1.0000 over 500 steps success=0
Eval episode 720 finished with return 1.0000 over 500 steps success=0
Eval episode 721 finished with return 1.0000 over 500 steps success=0
Eval episode 722 finished with return 1.0000 over 500 steps success=0
Eval episode 723 finished with return 1.0000 over 500 steps success=0
Eval episode 724 finished with return 1.0000 over 500 steps success=0
Eval episode 725 finished with return 1.0000 over 500 steps success=0
Eval episode 726 finished with return 1.0000 over 500 steps success=0
Eval episode 727 finished with return 1.0000 over 500 steps success=0
Eval episode 728 finished with return 1.0000 over 500 steps success=0
Eval episode 729 finished with return 1.0000 over 500 steps success=0
Eval episode 730 finished with return 1.0000 over 500 steps success=0
Eval episode 731 finished with return 1.0000 over 500 steps success=0
Eval episode 732 finished with return 1.0000 over 500 steps success=0
Eval episode 733 finished with return 1.0000 over 500 steps success=0
Eval episode 734 finished with return 1.0000 over 500 steps success=0
Eval episode 735 finished with return 1.0000 over 500 steps success=0
Eval episode 736 finished with return 1.0000 over 500 steps success=0
Eval episode 737 finished with return 1.0000 over 500 steps success=0
Eval episode 738 finished with return 1.0000 over 500 steps success=0
Eval episode 739 finished with return 1.0000 over 500 steps success=0
Eval episode 740 finished with return 1.0000 over 500 steps success=0
Eval episode 741 finished with return 1.0000 over 500 steps success=0
Eval episode 742 finished with return 1.0000 over 500 steps success=0
Eval episode 743 finished with return 1.0000 over 500 steps success=0
Eval episode 744 finished with return 1.0000 over 500 steps success=0
Eval episode 745 finished with return 1.0000 over 500 steps success=0
Eval episode 746 finished with return 1.0000 over 500 steps success=0
Eval episode 747 finished with return 1.0000 over 500 steps success=0
Eval episode 748 finished with return 1.0000 over 500 steps success=0
Eval episode 749 finished with return 1.0000 over 500 steps success=0
Eval episode 750 finished with return 1.0000 over 500 steps success=0
Eval episode 751 finished with return 1.0000 over 500 steps success=0
Eval episode 752 finished with return 1.0000 over 500 steps success=0
Eval episode 753 finished with return 1.0000 over 500 steps success=0
Eval episode 754 finished with return 1.0000 over 500 steps success=0
Eval episode 755 finished with return 1.0000 over 500 steps success=0
Eval episode 756 finished with return 1.0000 over 500 steps success=0
Eval episode 757 finished with return 1.0000 over 500 steps success=0
Eval episode 758 finished with return 1.0000 over 500 steps success=0
Eval episode 759 finished with return 1.0000 over 500 steps success=0
Eval episode 760 finished with return 1.0000 over 500 steps success=0
Eval episode 761 finished with return 1.0000 over 500 steps success=0
Eval episode 762 finished with return 1.0000 over 500 steps success=0
Eval episode 763 finished with return 1.0000 over 500 steps success=0
Eval episode 764 finished with return 1.0000 over 500 steps success=0
Eval episode 765 finished with return 1.0000 over 500 steps success=0
Eval episode 766 finished with return 1.0000 over 500 steps success=0
Eval episode 767 finished with return 1.0000 over 500 steps success=0
Eval episode 768 finished with return 1.0000 over 500 steps success=0
Eval episode 769 finished with return 1.0000 over 500 steps success=0
Eval episode 770 finished with return 1.0000 over 500 steps success=0
Eval episode 771 finished with return 1.0000 over 500 steps success=0
Eval episode 772 finished with return 1.0000 over 500 steps success=0
Eval episode 773 finished with return 1.0000 over 500 steps success=0
Eval episode 774 finished with return 1.0000 over 500 steps success=0
Eval episode 775 finished with return 1.0000 over 500 steps success=0
Eval episode 776 finished with return 1.0000 over 500 steps success=0
Eval episode 777 finished with return 1.0000 over 500 steps success=0
Eval episode 778 finished with return 1.0000 over 500 steps success=0
Eval episode 779 finished with return 1.0000 over 500 steps success=0
Eval episode 780 finished with return 1.0000 over 500 steps success=0
Eval episode 781 finished with return 1.0000 over 500 steps success=0
Eval episode 782 finished with return 1.0000 over 500 steps success=0
Eval episode 783 finished with return 1.0000 over 500 steps success=0
Eval episode 784 finished with return 1.0000 over 500 steps success=0
Eval episode 785 finished with return 1.0000 over 500 steps success=0
Eval episode 786 finished with return 1.0000 over 500 steps success=0
Eval episode 787 finished with return 1.0000 over 500 steps success=0
Eval episode 788 finished with return 1.0000 over 500 steps success=0
Eval episode 789 finished with return 1.0000 over 500 steps success=0
Eval episode 790 finished with return 1.0000 over 500 steps success=0
Eval episode 791 finished with return 1.0000 over 500 steps success=0
Eval episode 792 finished with return 1.0000 over 500 steps success=0
Eval episode 793 finished with return 1.0000 over 500 steps success=0
Eval episode 794 finished with return 1.0000 over 500 steps success=0
Eval episode 795 finished with return 1.0000 over 500 steps success=0
Eval episode 796 finished with return 1.0000 over 500 steps success=0
Eval episode 797 finished with return 1.0000 over 500 steps success=0
Eval episode 798 finished with return 1.0000 over 500 steps success=0
Eval episode 799 finished with return 1.0000 over 500 steps success=0
Eval episode 800 finished with return 1.0000 over 500 steps success=0
Eval episode 801 finished with return 1.0000 over 500 steps success=0
Eval episode 802 finished with return 1.0000 over 500 steps success=0
Eval episode 803 finished with return 1.0000 over 500 steps success=0
Eval episode 804 finished with return 1.0000 over 500 steps success=0
Eval episode 805 finished with return 1.0000 over 500 steps success=0
Eval episode 806 finished with return 1.0000 over 500 steps success=0
Eval episode 807 finished with return 1.0000 over 500 steps success=0
Eval episode 808 finished with return 1.0000 over 500 steps success=0
Eval episode 809 finished with return 1.0000 over 500 steps success=0
Eval episode 810 finished with return 1.0000 over 500 steps success=0
Eval episode 811 finished with return 1.0000 over 500 steps success=0
Eval episode 812 finished with return 1.0000 over 500 steps success=0
Eval episode 813 finished with return 1.0000 over 500 steps success=0
Eval episode 814 finished with return 1.0000 over 500 steps success=0
Eval episode 815 finished with return 1.0000 over 500 steps success=0
Eval episode 816 finished with return 1.0000 over 500 steps success=0
Eval episode 817 finished with return 1.0000 over 500 steps success=0
Eval episode 818 finished with return 1.0000 over 500 steps success=0
Eval episode 819 finished with return 1.0000 over 500 steps success=0
Eval episode 820 finished with return 1.0000 over 500 steps success=0
Eval episode 821 finished with return 1.0000 over 500 steps success=0
Eval episode 822 finished with return 1.0000 over 500 steps success=0
Eval episode 823 finished with return 1.0000 over 500 steps success=0
Eval episode 824 finished with return 1.0000 over 500 steps success=0
Eval episode 825 finished with return 1.0000 over 500 steps success=0
Eval episode 826 finished with return 1.0000 over 500 steps success=0
Eval episode 827 finished with return 1.0000 over 500 steps success=0
Eval episode 828 finished with return 1.0000 over 500 steps success=0
Eval episode 829 finished with return 1.0000 over 500 steps success=0
Eval episode 830 finished with return 1.0000 over 500 steps success=0
Eval episode 831 finished with return 1.0000 over 500 steps success=0
Eval episode 832 finished with return 1.0000 over 500 steps success=0
Eval episode 833 finished with return 1.0000 over 500 steps success=0
Eval episode 834 finished with return 1.0000 over 500 steps success=0
Eval episode 835 finished with return 1.0000 over 500 steps success=0
Eval episode 836 finished with return 1.0000 over 500 steps success=0
Eval episode 837 finished with return 1.0000 over 500 steps success=0
Eval episode 838 finished with return 1.0000 over 500 steps success=0
Eval episode 839 finished with return 1.0000 over 500 steps success=0
Eval episode 840 finished with return 1.0000 over 500 steps success=0
Eval episode 841 finished with return 1.0000 over 500 steps success=0
Eval episode 842 finished with return 1.0000 over 500 steps success=0
Eval episode 843 finished with return 1.0000 over 500 steps success=0
Eval episode 844 finished with return 1.0000 over 500 steps success=0
Eval episode 845 finished with return 1.0000 over 500 steps success=0
Eval episode 846 finished with return 1.0000 over 500 steps success=0
Eval episode 847 finished with return 1.0000 over 500 steps success=0
Eval episode 848 finished with return 1.0000 over 500 steps success=0
Eval episode 849 finished with return 1.0000 over 500 steps success=0
Eval episode 850 finished with return 1.0000 over 500 steps success=0
Eval episode 851 finished with return 1.0000 over 500 steps success=0
Eval episode 852 finished with return 1.0000 over 500 steps success=0
Eval episode 853 finished with return 1.0000 over 500 steps success=0
Eval episode 854 finished with return 1.0000 over 500 steps success=0
Eval episode 855 finished with return 1.0000 over 500 steps success=0
Eval episode 856 finished with return 1.0000 over 500 steps success=0
Eval episode 857 finished with return 1.0000 over 500 steps success=0
Eval episode 858 finished with return 1.0000 over 500 steps success=0
Eval episode 859 finished with return 1.0000 over 500 steps success=0
Eval episode 860 finished with return 1.0000 over 500 steps success=0
Eval episode 861 finished with return 1.0000 over 500 steps success=0
Eval episode 862 finished with return 1.0000 over 500 steps success=0
Eval episode 863 finished with return 1.0000 over 500 steps success=0
Eval episode 864 finished with return 1.0000 over 500 steps success=0
Eval episode 865 finished with return 1.0000 over 500 steps success=0
Eval episode 866 finished with return 1.0000 over 500 steps success=0
Eval episode 867 finished with return 1.0000 over 500 steps success=0
Eval episode 868 finished with return 1.0000 over 500 steps success=0
Eval episode 869 finished with return 1.0000 over 500 steps success=0
Eval episode 870 finished with return 1.0000 over 500 steps success=0
Eval episode 871 finished with return 1.0000 over 500 steps success=0
Eval episode 872 finished with return 1.0000 over 500 steps success=0
Eval episode 873 finished with return 1.0000 over 500 steps success=0
Eval episode 874 finished with return 1.0000 over 500 steps success=0
Eval episode 875 finished with return 1.0000 over 500 steps success=0
Eval episode 876 finished with return 1.0000 over 500 steps success=0
Eval episode 877 finished with return 1.0000 over 500 steps success=0
Eval episode 878 finished with return 1.0000 over 500 steps success=0
Eval episode 879 finished with return 1.0000 over 500 steps success=0
Eval episode 880 finished with return 1.0000 over 500 steps success=0
Eval episode 881 finished with return 1.0000 over 500 steps success=0
Eval episode 882 finished with return 1.0000 over 500 steps success=0
Eval episode 883 finished with return 1.0000 over 500 steps success=0
Eval episode 884 finished with return 1.0000 over 500 steps success=0
Eval episode 885 finished with return 1.0000 over 500 steps success=0
Eval episode 886 finished with return 1.0000 over 500 steps success=0
Eval episode 887 finished with return 1.0000 over 500 steps success=0
Eval episode 888 finished with return 1.0000 over 500 steps success=0
Eval episode 889 finished with return 1.0000 over 500 steps success=0
Eval episode 890 finished with return 1.0000 over 500 steps success=0
Eval episode 891 finished with return 1.0000 over 500 steps success=0
Eval episode 892 finished with return 1.0000 over 500 steps success=0
Eval episode 893 finished with return 1.0000 over 500 steps success=0
Eval episode 894 finished with return 1.0000 over 500 steps success=0
Eval episode 895 finished with return 1.0000 over 500 steps success=0
Eval episode 896 finished with return 1.0000 over 500 steps success=0
Eval episode 897 finished with return 1.0000 over 500 steps success=0
Eval episode 898 finished with return 1.0000 over 500 steps success=0
Eval episode 899 finished with return 1.0000 over 500 steps success=0
Eval episode 900 finished with return 1.0000 over 500 steps success=0
Eval episode 901 finished with return 1.0000 over 500 steps success=0
Eval episode 902 finished with return 1.0000 over 500 steps success=0
Eval episode 903 finished with return 1.0000 over 500 steps success=0
Eval episode 904 finished with return 1.0000 over 500 steps success=0
Eval episode 905 finished with return 1.0000 over 500 steps success=0
Eval episode 906 finished with return 1.0000 over 500 steps success=0
Eval episode 907 finished with return 1.0000 over 500 steps success=0
Eval episode 908 finished with return 1.0000 over 500 steps success=0
Eval episode 909 finished with return 1.0000 over 500 steps success=0
Eval episode 910 finished with return 1.0000 over 500 steps success=0
Eval episode 911 finished with return 1.0000 over 500 steps success=0
Eval episode 912 finished with return 1.0000 over 500 steps success=0
Eval episode 913 finished with return 1.0000 over 500 steps success=0
Eval episode 914 finished with return 1.0000 over 500 steps success=0
Eval episode 915 finished with return 1.0000 over 500 steps success=0
Eval episode 916 finished with return 1.0000 over 500 steps success=0
Eval episode 917 finished with return 1.0000 over 500 steps success=0
Eval episode 918 finished with return 1.0000 over 500 steps success=0
Eval episode 919 finished with return 1.0000 over 500 steps success=0
Eval episode 920 finished with return 1.0000 over 500 steps success=0
Eval episode 921 finished with return 1.0000 over 500 steps success=0
Eval episode 922 finished with return 1.0000 over 500 steps success=0
Eval episode 923 finished with return 1.0000 over 500 steps success=0
Eval episode 924 finished with return 1.0000 over 500 steps success=0
Eval episode 925 finished with return 1.0000 over 500 steps success=0
Eval episode 926 finished with return 1.0000 over 500 steps success=0
Eval episode 927 finished with return 1.0000 over 500 steps success=0
Eval episode 928 finished with return 1.0000 over 500 steps success=0
Eval episode 929 finished with return 1.0000 over 500 steps success=0
Eval episode 930 finished with return 1.0000 over 500 steps success=0
Eval episode 931 finished with return 1.0000 over 500 steps success=0
Eval episode 932 finished with return 1.0000 over 500 steps success=0
Eval episode 933 finished with return 1.0000 over 500 steps success=0
Eval episode 934 finished with return 1.0000 over 500 steps success=0
Eval episode 935 finished with return 1.0000 over 500 steps success=0
Eval episode 936 finished with return 1.0000 over 500 steps success=0
Eval episode 937 finished with return 1.0000 over 500 steps success=0
Eval episode 938 finished with return 1.0000 over 500 steps success=0
Eval episode 939 finished with return 1.0000 over 500 steps success=0
Eval episode 940 finished with return 1.0000 over 500 steps success=0
Eval episode 941 finished with return 1.0000 over 500 steps success=0
Eval episode 942 finished with return 1.0000 over 500 steps success=0
Eval episode 943 finished with return 1.0000 over 500 steps success=0
Eval episode 944 finished with return 1.0000 over 500 steps success=0
Eval episode 945 finished with return 1.0000 over 500 steps success=0
Eval episode 946 finished with return 1.0000 over 500 steps success=0
Eval episode 947 finished with return 1.0000 over 500 steps success=0
Eval episode 948 finished with return 1.0000 over 500 steps success=0
Eval episode 949 finished with return 1.0000 over 500 steps success=0
Eval episode 950 finished with return 1.0000 over 500 steps success=0
Eval episode 951 finished with return 1.0000 over 500 steps success=0
Eval episode 952 finished with return 1.0000 over 500 steps success=0
Eval episode 953 finished with return 1.0000 over 500 steps success=0
Eval episode 954 finished with return 1.0000 over 500 steps success=0
Eval episode 955 finished with return 1.0000 over 500 steps success=0
Eval episode 956 finished with return 1.0000 over 500 steps success=0
Eval episode 957 finished with return 1.0000 over 500 steps success=0
Eval episode 958 finished with return 1.0000 over 500 steps success=0
Eval episode 959 finished with return 1.0000 over 500 steps success=0
Eval episode 960 finished with return 1.0000 over 500 steps success=0
Eval episode 961 finished with return 1.0000 over 500 steps success=0
Eval episode 962 finished with return 1.0000 over 500 steps success=0
Eval episode 963 finished with return 1.0000 over 500 steps success=0
Eval episode 964 finished with return 1.0000 over 500 steps success=0
Eval episode 965 finished with return 1.0000 over 500 steps success=0
Eval episode 966 finished with return 1.0000 over 500 steps success=0
Eval episode 967 finished with return 1.0000 over 500 steps success=0
Eval episode 968 finished with return 1.0000 over 500 steps success=0
Eval episode 969 finished with return 1.0000 over 500 steps success=0
Eval episode 970 finished with return 1.0000 over 500 steps success=0
Eval episode 971 finished with return 1.0000 over 500 steps success=0
Eval episode 972 finished with return 1.0000 over 500 steps success=0
Eval episode 973 finished with return 1.0000 over 500 steps success=0
Eval episode 974 finished with return 1.0000 over 500 steps success=0
Eval episode 975 finished with return 1.0000 over 500 steps success=0
Eval episode 976 finished with return 1.0000 over 500 steps success=0
Eval episode 977 finished with return 1.0000 over 500 steps success=0
Eval episode 978 finished with return 1.0000 over 500 steps success=0
Eval episode 979 finished with return 1.0000 over 500 steps success=0
Eval episode 980 finished with return 1.0000 over 500 steps success=0
Eval episode 981 finished with return 1.0000 over 500 steps success=0
Eval episode 982 finished with return 1.0000 over 500 steps success=0
Eval episode 983 finished with return 1.0000 over 500 steps success=0
Eval episode 984 finished with return 1.0000 over 500 steps success=0
Eval episode 985 finished with return 1.0000 over 500 steps success=0
Eval episode 986 finished with return 1.0000 over 500 steps success=0
Eval episode 987 finished with return 1.0000 over 500 steps success=0
Eval episode 988 finished with return 1.0000 over 500 steps success=0
Eval episode 989 finished with return 1.0000 over 500 steps success=0
Eval episode 990 finished with return 1.0000 over 500 steps success=0
Eval episode 991 finished with return 1.0000 over 500 steps success=0
Eval episode 992 finished with return 1.0000 over 500 steps success=0
Eval episode 993 finished with return 1.0000 over 500 steps success=0
Eval episode 994 finished with return 1.0000 over 500 steps success=0
Eval episode 995 finished with return 1.0000 over 500 steps success=0
Eval episode 996 finished with return 1.0000 over 500 steps success=0
Eval episode 997 finished with return 1.0000 over 500 steps success=0
Eval episode 998 finished with return 1.0000 over 500 steps success=0
Eval episode 999 finished with return 1.0000 over 500 steps success=0
Eval episode 1000 finished with return 1.0000 over 500 steps success=0
Eval summary: success_rate=0.0000 (0/1000), visualized=10
Saved eval summary: /home/y/Simer/exam/train_dmcontrol_dreamerv3_ball_in_cup_release_30k/output/eval/step_0010000/eval_summary.json
Saved checkpoint: policy.ckpt
step=10200 episode=20 return=1.0000 length=200
step=10400 episode=20 return=1.0000 length=400
step=10600 episode=21 return=1.0000 length=100
step=10800 episode=21 return=1.0000 length=300
step=11000 episode=21 return=1.0000 length=500
step=11200 episode=22 return=1.0000 length=200
step=11400 episode=22 return=1.0000 length=400
step=11600 episode=23 return=1.0000 length=100
step=11800 episode=23 return=1.0000 length=300
step=12000 episode=23 return=1.0000 length=500
step=12200 episode=24 return=1.0000 length=200
step=12400 episode=24 return=1.0000 length=400
step=12600 episode=25 return=1.0000 length=100
step=12800 episode=25 return=1.0000 length=300
step=13000 episode=25 return=1.0000 length=500
step=13200 episode=26 return=1.0000 length=200
step=13400 episode=26 return=1.0000 length=400
step=13600 episode=27 return=1.0000 length=100
step=13800 episode=27 return=1.0000 length=300
step=14000 episode=27 return=1.0000 length=500
step=14200 episode=28 return=1.0000 length=200
step=14400 episode=28 return=1.0000 length=400
step=14600 episode=29 return=1.0000 length=100
step=14800 episode=29 return=1.0000 length=300
step=15000 episode=29 return=1.0000 length=500
Running evaluation at step=15000 ...
Eval episode 1 finished with return 1.0000 over 500 steps success=0
Eval episode 2 finished with return 1.0000 over 500 steps success=0
Eval episode 3 finished with return 1.0000 over 500 steps success=0
Eval episode 4 finished with return 1.0000 over 500 steps success=0
Eval episode 5 finished with return 1.0000 over 500 steps success=0
Eval episode 6 finished with return 1.0000 over 500 steps success=0
Eval episode 7 finished with return 1.0000 over 500 steps success=0
Eval episode 8 finished with return 1.0000 over 500 steps success=0
Eval episode 9 finished with return 1.0000 over 500 steps success=0
Eval episode 10 finished with return 1.0000 over 500 steps success=0
Eval episode 11 finished with return 1.0000 over 500 steps success=0
Eval episode 12 finished with return 1.0000 over 500 steps success=0
Eval episode 13 finished with return 1.0000 over 500 steps success=0
Eval episode 14 finished with return 1.0000 over 500 steps success=0
Eval episode 15 finished with return 1.0000 over 500 steps success=0
Eval episode 16 finished with return 1.0000 over 500 steps success=0
Eval episode 17 finished with return 1.0000 over 500 steps success=0
Eval episode 18 finished with return 1.0000 over 500 steps success=0
Eval episode 19 finished with return 1.0000 over 500 steps success=0
Eval episode 20 finished with return 1.0000 over 500 steps success=0
Eval episode 21 finished with return 1.0000 over 500 steps success=0
Eval episode 22 finished with return 1.0000 over 500 steps success=0
Eval episode 23 finished with return 1.0000 over 500 steps success=0
Eval episode 24 finished with return 1.0000 over 500 steps success=0
Eval episode 25 finished with return 1.0000 over 500 steps success=0
Eval episode 26 finished with return 1.0000 over 500 steps success=0
Eval episode 27 finished with return 1.0000 over 500 steps success=0
Eval episode 28 finished with return 1.0000 over 500 steps success=0
Eval episode 29 finished with return 1.0000 over 500 steps success=0
Eval episode 30 finished with return 1.0000 over 500 steps success=0
Eval episode 31 finished with return 1.0000 over 500 steps success=0
Eval episode 32 finished with return 1.0000 over 500 steps success=0
Eval episode 33 finished with return 1.0000 over 500 steps success=0
Eval episode 34 finished with return 1.0000 over 500 steps success=0
Eval episode 35 finished with return 1.0000 over 500 steps success=0
Eval episode 36 finished with return 1.0000 over 500 steps success=0
Eval episode 37 finished with return 1.0000 over 500 steps success=0
Eval episode 38 finished with return 1.0000 over 500 steps success=0
Eval episode 39 finished with return 1.0000 over 500 steps success=0
Eval episode 40 finished with return 1.0000 over 500 steps success=0
Eval episode 41 finished with return 1.0000 over 500 steps success=0
Eval episode 42 finished with return 1.0000 over 500 steps success=0
Eval episode 43 finished with return 1.0000 over 500 steps success=0
Eval episode 44 finished with return 1.0000 over 500 steps success=0
Eval episode 45 finished with return 1.0000 over 500 steps success=0
Eval episode 46 finished with return 1.0000 over 500 steps success=0
Eval episode 47 finished with return 1.0000 over 500 steps success=0
Eval episode 48 finished with return 1.0000 over 500 steps success=0
Eval episode 49 finished with return 1.0000 over 500 steps success=0
Eval episode 50 finished with return 1.0000 over 500 steps success=0
Eval episode 51 finished with return 1.0000 over 500 steps success=0
Eval episode 52 finished with return 1.0000 over 500 steps success=0
Eval episode 53 finished with return 1.0000 over 500 steps success=0
Eval episode 54 finished with return 1.0000 over 500 steps success=0
Eval episode 55 finished with return 1.0000 over 500 steps success=0
Eval episode 56 finished with return 1.0000 over 500 steps success=0
Eval episode 57 finished with return 1.0000 over 500 steps success=0
Eval episode 58 finished with return 1.0000 over 500 steps success=0
Eval episode 59 finished with return 1.0000 over 500 steps success=0
Eval episode 60 finished with return 1.0000 over 500 steps success=0
Eval episode 61 finished with return 1.0000 over 500 steps success=0
Eval episode 62 finished with return 1.0000 over 500 steps success=0
Eval episode 63 finished with return 1.0000 over 500 steps success=0
Eval episode 64 finished with return 1.0000 over 500 steps success=0
Eval episode 65 finished with return 1.0000 over 500 steps success=0
Eval episode 66 finished with return 1.0000 over 500 steps success=0
Eval episode 67 finished with return 1.0000 over 500 steps success=0
Eval episode 68 finished with return 1.0000 over 500 steps success=0
Eval episode 69 finished with return 1.0000 over 500 steps success=0
Eval episode 70 finished with return 1.0000 over 500 steps success=0
Eval episode 71 finished with return 1.0000 over 500 steps success=0
Eval episode 72 finished with return 1.0000 over 500 steps success=0
Eval episode 73 finished with return 1.0000 over 500 steps success=0
Eval episode 74 finished with return 1.0000 over 500 steps success=0
Eval episode 75 finished with return 1.0000 over 500 steps success=0
Eval episode 76 finished with return 1.0000 over 500 steps success=0
Eval episode 77 finished with return 1.0000 over 500 steps success=0
Eval episode 78 finished with return 1.0000 over 500 steps success=0
Eval episode 79 finished with return 1.0000 over 500 steps success=0
Eval episode 80 finished with return 1.0000 over 500 steps success=0
Eval episode 81 finished with return 1.0000 over 500 steps success=0
Eval episode 82 finished with return 1.0000 over 500 steps success=0
Eval episode 83 finished with return 1.0000 over 500 steps success=0
Eval episode 84 finished with return 1.0000 over 500 steps success=0
Eval episode 85 finished with return 1.0000 over 500 steps success=0
Eval episode 86 finished with return 1.0000 over 500 steps success=0
Eval episode 87 finished with return 1.0000 over 500 steps success=0
Eval episode 88 finished with return 1.0000 over 500 steps success=0
Eval episode 89 finished with return 1.0000 over 500 steps success=0
Eval episode 90 finished with return 1.0000 over 500 steps success=0
Eval episode 91 finished with return 1.0000 over 500 steps success=0
Eval episode 92 finished with return 1.0000 over 500 steps success=0
Eval episode 93 finished with return 1.0000 over 500 steps success=0
Eval episode 94 finished with return 1.0000 over 500 steps success=0
Eval episode 95 finished with return 1.0000 over 500 steps success=0
Eval episode 96 finished with return 1.0000 over 500 steps success=0
Eval episode 97 finished with return 1.0000 over 500 steps success=0
Eval episode 98 finished with return 1.0000 over 500 steps success=0
Eval episode 99 finished with return 1.0000 over 500 steps success=0
Eval episode 100 finished with return 1.0000 over 500 steps success=0
Eval episode 101 finished with return 1.0000 over 500 steps success=0
Eval episode 102 finished with return 1.0000 over 500 steps success=0
Eval episode 103 finished with return 1.0000 over 500 steps success=0
Eval episode 104 finished with return 1.0000 over 500 steps success=0
Eval episode 105 finished with return 1.0000 over 500 steps success=0
Eval episode 106 finished with return 1.0000 over 500 steps success=0
Eval episode 107 finished with return 1.0000 over 500 steps success=0
Eval episode 108 finished with return 1.0000 over 500 steps success=0
Eval episode 109 finished with return 1.0000 over 500 steps success=0
Eval episode 110 finished with return 1.0000 over 500 steps success=0
Eval episode 111 finished with return 1.0000 over 500 steps success=0
Eval episode 112 finished with return 1.0000 over 500 steps success=0
Eval episode 113 finished with return 1.0000 over 500 steps success=0
Eval episode 114 finished with return 1.0000 over 500 steps success=0
Eval episode 115 finished with return 1.0000 over 500 steps success=0
Eval episode 116 finished with return 1.0000 over 500 steps success=0
Eval episode 117 finished with return 1.0000 over 500 steps success=0
Eval episode 118 finished with return 1.0000 over 500 steps success=0
Eval episode 119 finished with return 1.0000 over 500 steps success=0
Eval episode 120 finished with return 1.0000 over 500 steps success=0
Eval episode 121 finished with return 1.0000 over 500 steps success=0
Eval episode 122 finished with return 1.0000 over 500 steps success=0
Eval episode 123 finished with return 1.0000 over 500 steps success=0
Eval episode 124 finished with return 1.0000 over 500 steps success=0
Eval episode 125 finished with return 1.0000 over 500 steps success=0
Eval episode 126 finished with return 1.0000 over 500 steps success=0
Eval episode 127 finished with return 1.0000 over 500 steps success=0
Eval episode 128 finished with return 1.0000 over 500 steps success=0
Eval episode 129 finished with return 1.0000 over 500 steps success=0
Eval episode 130 finished with return 1.0000 over 500 steps success=0
Eval episode 131 finished with return 1.0000 over 500 steps success=0
Eval episode 132 finished with return 1.0000 over 500 steps success=0
Eval episode 133 finished with return 1.0000 over 500 steps success=0
Eval episode 134 finished with return 1.0000 over 500 steps success=0
Eval episode 135 finished with return 1.0000 over 500 steps success=0
Eval episode 136 finished with return 1.0000 over 500 steps success=0
Eval episode 137 finished with return 1.0000 over 500 steps success=0
Eval episode 138 finished with return 1.0000 over 500 steps success=0
Eval episode 139 finished with return 1.0000 over 500 steps success=0
Eval episode 140 finished with return 1.0000 over 500 steps success=0
Eval episode 141 finished with return 1.0000 over 500 steps success=0
Eval episode 142 finished with return 1.0000 over 500 steps success=0
Eval episode 143 finished with return 1.0000 over 500 steps success=0
Eval episode 144 finished with return 1.0000 over 500 steps success=0
Eval episode 145 finished with return 1.0000 over 500 steps success=0
Eval episode 146 finished with return 1.0000 over 500 steps success=0
Eval episode 147 finished with return 1.0000 over 500 steps success=0
Eval episode 148 finished with return 1.0000 over 500 steps success=0
Eval episode 149 finished with return 1.0000 over 500 steps success=0
Eval episode 150 finished with return 1.0000 over 500 steps success=0
Eval episode 151 finished with return 1.0000 over 500 steps success=0
Eval episode 152 finished with return 1.0000 over 500 steps success=0
Eval episode 153 finished with return 1.0000 over 500 steps success=0
Eval episode 154 finished with return 1.0000 over 500 steps success=0
Eval episode 155 finished with return 1.0000 over 500 steps success=0
Eval episode 156 finished with return 1.0000 over 500 steps success=0
Eval episode 157 finished with return 1.0000 over 500 steps success=0
Eval episode 158 finished with return 1.0000 over 500 steps success=0
Eval episode 159 finished with return 1.0000 over 500 steps success=0
Eval episode 160 finished with return 1.0000 over 500 steps success=0
Eval episode 161 finished with return 1.0000 over 500 steps success=0
Eval episode 162 finished with return 1.0000 over 500 steps success=0
Eval episode 163 finished with return 1.0000 over 500 steps success=0
Eval episode 164 finished with return 1.0000 over 500 steps success=0
Eval episode 165 finished with return 1.0000 over 500 steps success=0
Eval episode 166 finished with return 1.0000 over 500 steps success=0
Eval episode 167 finished with return 1.0000 over 500 steps success=0
Eval episode 168 finished with return 1.0000 over 500 steps success=0
Eval episode 169 finished with return 1.0000 over 500 steps success=0
Eval episode 170 finished with return 1.0000 over 500 steps success=0
Eval episode 171 finished with return 1.0000 over 500 steps success=0
Eval episode 172 finished with return 1.0000 over 500 steps success=0
Eval episode 173 finished with return 1.0000 over 500 steps success=0
Eval episode 174 finished with return 1.0000 over 500 steps success=0
Eval episode 175 finished with return 1.0000 over 500 steps success=0
Eval episode 176 finished with return 1.0000 over 500 steps success=0
Eval episode 177 finished with return 1.0000 over 500 steps success=0
Eval episode 178 finished with return 1.0000 over 500 steps success=0
Eval episode 179 finished with return 1.0000 over 500 steps success=0
Eval episode 180 finished with return 1.0000 over 500 steps success=0
Eval episode 181 finished with return 1.0000 over 500 steps success=0
Eval episode 182 finished with return 1.0000 over 500 steps success=0
Eval episode 183 finished with return 1.0000 over 500 steps success=0
Eval episode 184 finished with return 1.0000 over 500 steps success=0
Eval episode 185 finished with return 1.0000 over 500 steps success=0
Eval episode 186 finished with return 1.0000 over 500 steps success=0
Eval episode 187 finished with return 1.0000 over 500 steps success=0
Eval episode 188 finished with return 1.0000 over 500 steps success=0
Eval episode 189 finished with return 1.0000 over 500 steps success=0
Eval episode 190 finished with return 1.0000 over 500 steps success=0
Eval episode 191 finished with return 1.0000 over 500 steps success=0
Eval episode 192 finished with return 1.0000 over 500 steps success=0
Eval episode 193 finished with return 1.0000 over 500 steps success=0
Eval episode 194 finished with return 1.0000 over 500 steps success=0
Eval episode 195 finished with return 1.0000 over 500 steps success=0
Eval episode 196 finished with return 1.0000 over 500 steps success=0
Eval episode 197 finished with return 1.0000 over 500 steps success=0
Eval episode 198 finished with return 1.0000 over 500 steps success=0
Eval episode 199 finished with return 1.0000 over 500 steps success=0
Eval episode 200 finished with return 1.0000 over 500 steps success=0
Eval episode 201 finished with return 1.0000 over 500 steps success=0
Eval episode 202 finished with return 1.0000 over 500 steps success=0
Eval episode 203 finished with return 1.0000 over 500 steps success=0
Eval episode 204 finished with return 1.0000 over 500 steps success=0
Eval episode 205 finished with return 1.0000 over 500 steps success=0
Eval episode 206 finished with return 1.0000 over 500 steps success=0
Eval episode 207 finished with return 1.0000 over 500 steps success=0
Eval episode 208 finished with return 1.0000 over 500 steps success=0
Eval episode 209 finished with return 1.0000 over 500 steps success=0
Eval episode 210 finished with return 1.0000 over 500 steps success=0
Eval episode 211 finished with return 1.0000 over 500 steps success=0
Eval episode 212 finished with return 1.0000 over 500 steps success=0
Eval episode 213 finished with return 1.0000 over 500 steps success=0
Eval episode 214 finished with return 1.0000 over 500 steps success=0
Eval episode 215 finished with return 1.0000 over 500 steps success=0
Eval episode 216 finished with return 1.0000 over 500 steps success=0
Eval episode 217 finished with return 1.0000 over 500 steps success=0
Eval episode 218 finished with return 1.0000 over 500 steps success=0
Eval episode 219 finished with return 1.0000 over 500 steps success=0
Eval episode 220 finished with return 1.0000 over 500 steps success=0
Eval episode 221 finished with return 1.0000 over 500 steps success=0
Eval episode 222 finished with return 1.0000 over 500 steps success=0
Eval episode 223 finished with return 1.0000 over 500 steps success=0
Eval episode 224 finished with return 1.0000 over 500 steps success=0
Eval episode 225 finished with return 1.0000 over 500 steps success=0
Eval episode 226 finished with return 1.0000 over 500 steps success=0
Eval episode 227 finished with return 1.0000 over 500 steps success=0
Eval episode 228 finished with return 1.0000 over 500 steps success=0
Eval episode 229 finished with return 1.0000 over 500 steps success=0
Eval episode 230 finished with return 1.0000 over 500 steps success=0
Eval episode 231 finished with return 1.0000 over 500 steps success=0
Eval episode 232 finished with return 1.0000 over 500 steps success=0
Eval episode 233 finished with return 1.0000 over 500 steps success=0
Eval episode 234 finished with return 1.0000 over 500 steps success=0
Eval episode 235 finished with return 1.0000 over 500 steps success=0
Eval episode 236 finished with return 1.0000 over 500 steps success=0
Eval episode 237 finished with return 1.0000 over 500 steps success=0
Eval episode 238 finished with return 1.0000 over 500 steps success=0
Eval episode 239 finished with return 1.0000 over 500 steps success=0
Eval episode 240 finished with return 1.0000 over 500 steps success=0
Eval episode 241 finished with return 1.0000 over 500 steps success=0
Eval episode 242 finished with return 1.0000 over 500 steps success=0
Eval episode 243 finished with return 1.0000 over 500 steps success=0
Eval episode 244 finished with return 1.0000 over 500 steps success=0
Eval episode 245 finished with return 1.0000 over 500 steps success=0
Eval episode 246 finished with return 1.0000 over 500 steps success=0
Eval episode 247 finished with return 1.0000 over 500 steps success=0
Eval episode 248 finished with return 1.0000 over 500 steps success=0
Eval episode 249 finished with return 1.0000 over 500 steps success=0
Eval episode 250 finished with return 1.0000 over 500 steps success=0
Eval episode 251 finished with return 1.0000 over 500 steps success=0
Eval episode 252 finished with return 1.0000 over 500 steps success=0
Eval episode 253 finished with return 1.0000 over 500 steps success=0
Eval episode 254 finished with return 1.0000 over 500 steps success=0
Eval episode 255 finished with return 1.0000 over 500 steps success=0
Eval episode 256 finished with return 1.0000 over 500 steps success=0
Eval episode 257 finished with return 1.0000 over 500 steps success=0
Eval episode 258 finished with return 1.0000 over 500 steps success=0
Eval episode 259 finished with return 1.0000 over 500 steps success=0
Eval episode 260 finished with return 1.0000 over 500 steps success=0
Eval episode 261 finished with return 1.0000 over 500 steps success=0
Eval episode 262 finished with return 1.0000 over 500 steps success=0
Eval episode 263 finished with return 1.0000 over 500 steps success=0
Eval episode 264 finished with return 1.0000 over 500 steps success=0
Eval episode 265 finished with return 1.0000 over 500 steps success=0
Eval episode 266 finished with return 1.0000 over 500 steps success=0
Eval episode 267 finished with return 1.0000 over 500 steps success=0
Eval episode 268 finished with return 1.0000 over 500 steps success=0
Eval episode 269 finished with return 1.0000 over 500 steps success=0
Eval episode 270 finished with return 1.0000 over 500 steps success=0
Eval episode 271 finished with return 1.0000 over 500 steps success=0
Eval episode 272 finished with return 1.0000 over 500 steps success=0
Eval episode 273 finished with return 1.0000 over 500 steps success=0
Eval episode 274 finished with return 1.0000 over 500 steps success=0
Eval episode 275 finished with return 1.0000 over 500 steps success=0
Eval episode 276 finished with return 1.0000 over 500 steps success=0
Eval episode 277 finished with return 1.0000 over 500 steps success=0
Eval episode 278 finished with return 1.0000 over 500 steps success=0
Eval episode 279 finished with return 1.0000 over 500 steps success=0
Eval episode 280 finished with return 1.0000 over 500 steps success=0
Eval episode 281 finished with return 1.0000 over 500 steps success=0
Eval episode 282 finished with return 1.0000 over 500 steps success=0
Eval episode 283 finished with return 1.0000 over 500 steps success=0
Eval episode 284 finished with return 1.0000 over 500 steps success=0
Eval episode 285 finished with return 1.0000 over 500 steps success=0
Eval episode 286 finished with return 1.0000 over 500 steps success=0
Eval episode 287 finished with return 1.0000 over 500 steps success=0
Eval episode 288 finished with return 1.0000 over 500 steps success=0
Eval episode 289 finished with return 1.0000 over 500 steps success=0
Eval episode 290 finished with return 1.0000 over 500 steps success=0
Eval episode 291 finished with return 1.0000 over 500 steps success=0
Eval episode 292 finished with return 1.0000 over 500 steps success=0
Eval episode 293 finished with return 1.0000 over 500 steps success=0
Eval episode 294 finished with return 1.0000 over 500 steps success=0
Eval episode 295 finished with return 1.0000 over 500 steps success=0
Eval episode 296 finished with return 1.0000 over 500 steps success=0
Eval episode 297 finished with return 1.0000 over 500 steps success=0
Eval episode 298 finished with return 1.0000 over 500 steps success=0
Eval episode 299 finished with return 1.0000 over 500 steps success=0
Eval episode 300 finished with return 1.0000 over 500 steps success=0
Eval episode 301 finished with return 1.0000 over 500 steps success=0
Eval episode 302 finished with return 1.0000 over 500 steps success=0
Eval episode 303 finished with return 1.0000 over 500 steps success=0
Eval episode 304 finished with return 1.0000 over 500 steps success=0
Eval episode 305 finished with return 1.0000 over 500 steps success=0
Eval episode 306 finished with return 1.0000 over 500 steps success=0
Eval episode 307 finished with return 1.0000 over 500 steps success=0
Eval episode 308 finished with return 1.0000 over 500 steps success=0
Eval episode 309 finished with return 1.0000 over 500 steps success=0
Eval episode 310 finished with return 1.0000 over 500 steps success=0
Eval episode 311 finished with return 1.0000 over 500 steps success=0
Eval episode 312 finished with return 1.0000 over 500 steps success=0
Eval episode 313 finished with return 1.0000 over 500 steps success=0
Eval episode 314 finished with return 1.0000 over 500 steps success=0
Eval episode 315 finished with return 1.0000 over 500 steps success=0
Eval episode 316 finished with return 1.0000 over 500 steps success=0
Eval episode 317 finished with return 1.0000 over 500 steps success=0
Eval episode 318 finished with return 1.0000 over 500 steps success=0
Eval episode 319 finished with return 1.0000 over 500 steps success=0
Eval episode 320 finished with return 1.0000 over 500 steps success=0
Eval episode 321 finished with return 1.0000 over 500 steps success=0
Eval episode 322 finished with return 1.0000 over 500 steps success=0
Eval episode 323 finished with return 1.0000 over 500 steps success=0
Eval episode 324 finished with return 1.0000 over 500 steps success=0
Eval episode 325 finished with return 1.0000 over 500 steps success=0
Eval episode 326 finished with return 1.0000 over 500 steps success=0
Eval episode 327 finished with return 1.0000 over 500 steps success=0
Eval episode 328 finished with return 1.0000 over 500 steps success=0
Eval episode 329 finished with return 1.0000 over 500 steps success=0
Eval episode 330 finished with return 1.0000 over 500 steps success=0
Eval episode 331 finished with return 1.0000 over 500 steps success=0
Eval episode 332 finished with return 1.0000 over 500 steps success=0
Eval episode 333 finished with return 1.0000 over 500 steps success=0
Eval episode 334 finished with return 1.0000 over 500 steps success=0
Eval episode 335 finished with return 1.0000 over 500 steps success=0
Eval episode 336 finished with return 1.0000 over 500 steps success=0
Eval episode 337 finished with return 1.0000 over 500 steps success=0
Eval episode 338 finished with return 1.0000 over 500 steps success=0
Eval episode 339 finished with return 1.0000 over 500 steps success=0
Eval episode 340 finished with return 1.0000 over 500 steps success=0
Eval episode 341 finished with return 1.0000 over 500 steps success=0
Eval episode 342 finished with return 1.0000 over 500 steps success=0
Eval episode 343 finished with return 1.0000 over 500 steps success=0
Eval episode 344 finished with return 1.0000 over 500 steps success=0
Eval episode 345 finished with return 1.0000 over 500 steps success=0
Eval episode 346 finished with return 1.0000 over 500 steps success=0
Eval episode 347 finished with return 1.0000 over 500 steps success=0
Eval episode 348 finished with return 1.0000 over 500 steps success=0
Eval episode 349 finished with return 1.0000 over 500 steps success=0
Eval episode 350 finished with return 1.0000 over 500 steps success=0
Eval episode 351 finished with return 1.0000 over 500 steps success=0
Eval episode 352 finished with return 1.0000 over 500 steps success=0
Eval episode 353 finished with return 1.0000 over 500 steps success=0
Eval episode 354 finished with return 1.0000 over 500 steps success=0
Eval episode 355 finished with return 1.0000 over 500 steps success=0
Eval episode 356 finished with return 1.0000 over 500 steps success=0
Eval episode 357 finished with return 1.0000 over 500 steps success=0
Eval episode 358 finished with return 1.0000 over 500 steps success=0
Eval episode 359 finished with return 1.0000 over 500 steps success=0
Eval episode 360 finished with return 1.0000 over 500 steps success=0
Eval episode 361 finished with return 1.0000 over 500 steps success=0
Eval episode 362 finished with return 1.0000 over 500 steps success=0
Eval episode 363 finished with return 1.0000 over 500 steps success=0
Eval episode 364 finished with return 1.0000 over 500 steps success=0
Eval episode 365 finished with return 1.0000 over 500 steps success=0
Eval episode 366 finished with return 1.0000 over 500 steps success=0
Eval episode 367 finished with return 1.0000 over 500 steps success=0
Eval episode 368 finished with return 1.0000 over 500 steps success=0
Eval episode 369 finished with return 1.0000 over 500 steps success=0
Eval episode 370 finished with return 1.0000 over 500 steps success=0
Eval episode 371 finished with return 1.0000 over 500 steps success=0
Eval episode 372 finished with return 1.0000 over 500 steps success=0
Eval episode 373 finished with return 1.0000 over 500 steps success=0
Eval episode 374 finished with return 1.0000 over 500 steps success=0
Eval episode 375 finished with return 1.0000 over 500 steps success=0
Eval episode 376 finished with return 1.0000 over 500 steps success=0
Eval episode 377 finished with return 1.0000 over 500 steps success=0
Eval episode 378 finished with return 1.0000 over 500 steps success=0
Eval episode 379 finished with return 1.0000 over 500 steps success=0
Eval episode 380 finished with return 1.0000 over 500 steps success=0
Eval episode 381 finished with return 1.0000 over 500 steps success=0
Eval episode 382 finished with return 1.0000 over 500 steps success=0
Eval episode 383 finished with return 1.0000 over 500 steps success=0
Eval episode 384 finished with return 1.0000 over 500 steps success=0
Eval episode 385 finished with return 1.0000 over 500 steps success=0
Eval episode 386 finished with return 1.0000 over 500 steps success=0
Eval episode 387 finished with return 1.0000 over 500 steps success=0
Eval episode 388 finished with return 1.0000 over 500 steps success=0
Eval episode 389 finished with return 1.0000 over 500 steps success=0
Eval episode 390 finished with return 1.0000 over 500 steps success=0
Eval episode 391 finished with return 1.0000 over 500 steps success=0
Eval episode 392 finished with return 1.0000 over 500 steps success=0
Eval episode 393 finished with return 1.0000 over 500 steps success=0
Eval episode 394 finished with return 1.0000 over 500 steps success=0
Eval episode 395 finished with return 1.0000 over 500 steps success=0
Eval episode 396 finished with return 1.0000 over 500 steps success=0
Eval episode 397 finished with return 1.0000 over 500 steps success=0
Eval episode 398 finished with return 1.0000 over 500 steps success=0
Eval episode 399 finished with return 1.0000 over 500 steps success=0
Eval episode 400 finished with return 1.0000 over 500 steps success=0
Eval episode 401 finished with return 1.0000 over 500 steps success=0
Eval episode 402 finished with return 1.0000 over 500 steps success=0
Eval episode 403 finished with return 1.0000 over 500 steps success=0
Eval episode 404 finished with return 1.0000 over 500 steps success=0
Eval episode 405 finished with return 1.0000 over 500 steps success=0
Eval episode 406 finished with return 1.0000 over 500 steps success=0
Eval episode 407 finished with return 1.0000 over 500 steps success=0
Eval episode 408 finished with return 1.0000 over 500 steps success=0
Eval episode 409 finished with return 1.0000 over 500 steps success=0
Eval episode 410 finished with return 1.0000 over 500 steps success=0
Eval episode 411 finished with return 1.0000 over 500 steps success=0
Eval episode 412 finished with return 1.0000 over 500 steps success=0
Eval episode 413 finished with return 1.0000 over 500 steps success=0
Eval episode 414 finished with return 1.0000 over 500 steps success=0
Eval episode 415 finished with return 1.0000 over 500 steps success=0
Eval episode 416 finished with return 1.0000 over 500 steps success=0
Eval episode 417 finished with return 1.0000 over 500 steps success=0
Eval episode 418 finished with return 1.0000 over 500 steps success=0
Eval episode 419 finished with return 1.0000 over 500 steps success=0
Eval episode 420 finished with return 1.0000 over 500 steps success=0
Eval episode 421 finished with return 1.0000 over 500 steps success=0
Eval episode 422 finished with return 1.0000 over 500 steps success=0
Eval episode 423 finished with return 1.0000 over 500 steps success=0
Eval episode 424 finished with return 1.0000 over 500 steps success=0
Eval episode 425 finished with return 1.0000 over 500 steps success=0
Eval episode 426 finished with return 1.0000 over 500 steps success=0
Eval episode 427 finished with return 1.0000 over 500 steps success=0
Eval episode 428 finished with return 1.0000 over 500 steps success=0
Eval episode 429 finished with return 1.0000 over 500 steps success=0
Eval episode 430 finished with return 1.0000 over 500 steps success=0
Eval episode 431 finished with return 1.0000 over 500 steps success=0
Eval episode 432 finished with return 1.0000 over 500 steps success=0
Eval episode 433 finished with return 1.0000 over 500 steps success=0
Eval episode 434 finished with return 1.0000 over 500 steps success=0
Eval episode 435 finished with return 1.0000 over 500 steps success=0
Eval episode 436 finished with return 1.0000 over 500 steps success=0
Eval episode 437 finished with return 1.0000 over 500 steps success=0
Eval episode 438 finished with return 1.0000 over 500 steps success=0
Eval episode 439 finished with return 1.0000 over 500 steps success=0
Eval episode 440 finished with return 1.0000 over 500 steps success=0
Eval episode 441 finished with return 1.0000 over 500 steps success=0
Eval episode 442 finished with return 1.0000 over 500 steps success=0
Eval episode 443 finished with return 1.0000 over 500 steps success=0
Eval episode 444 finished with return 1.0000 over 500 steps success=0
Eval episode 445 finished with return 1.0000 over 500 steps success=0
Eval episode 446 finished with return 1.0000 over 500 steps success=0
Eval episode 447 finished with return 1.0000 over 500 steps success=0
Eval episode 448 finished with return 1.0000 over 500 steps success=0
Eval episode 449 finished with return 1.0000 over 500 steps success=0
Eval episode 450 finished with return 1.0000 over 500 steps success=0
Eval episode 451 finished with return 1.0000 over 500 steps success=0
Eval episode 452 finished with return 1.0000 over 500 steps success=0
Eval episode 453 finished with return 1.0000 over 500 steps success=0
Eval episode 454 finished with return 1.0000 over 500 steps success=0
Eval episode 455 finished with return 1.0000 over 500 steps success=0
Eval episode 456 finished with return 1.0000 over 500 steps success=0
Eval episode 457 finished with return 1.0000 over 500 steps success=0
Eval episode 458 finished with return 1.0000 over 500 steps success=0
Eval episode 459 finished with return 1.0000 over 500 steps success=0
Eval episode 460 finished with return 1.0000 over 500 steps success=0
Eval episode 461 finished with return 1.0000 over 500 steps success=0
Eval episode 462 finished with return 1.0000 over 500 steps success=0
Eval episode 463 finished with return 1.0000 over 500 steps success=0
Eval episode 464 finished with return 1.0000 over 500 steps success=0
Eval episode 465 finished with return 1.0000 over 500 steps success=0
Eval episode 466 finished with return 1.0000 over 500 steps success=0
Eval episode 467 finished with return 1.0000 over 500 steps success=0
Eval episode 468 finished with return 1.0000 over 500 steps success=0
Eval episode 469 finished with return 1.0000 over 500 steps success=0
Eval episode 470 finished with return 1.0000 over 500 steps success=0
Eval episode 471 finished with return 1.0000 over 500 steps success=0
Eval episode 472 finished with return 1.0000 over 500 steps success=0
Eval episode 473 finished with return 1.0000 over 500 steps success=0
Eval episode 474 finished with return 1.0000 over 500 steps success=0
Eval episode 475 finished with return 1.0000 over 500 steps success=0
Eval episode 476 finished with return 1.0000 over 500 steps success=0
Eval episode 477 finished with return 1.0000 over 500 steps success=0
Eval episode 478 finished with return 1.0000 over 500 steps success=0
Eval episode 479 finished with return 1.0000 over 500 steps success=0
Eval episode 480 finished with return 1.0000 over 500 steps success=0
Eval episode 481 finished with return 1.0000 over 500 steps success=0
Eval episode 482 finished with return 1.0000 over 500 steps success=0
Eval episode 483 finished with return 1.0000 over 500 steps success=0
Eval episode 484 finished with return 1.0000 over 500 steps success=0
Eval episode 485 finished with return 1.0000 over 500 steps success=0
Eval episode 486 finished with return 1.0000 over 500 steps success=0
Eval episode 487 finished with return 1.0000 over 500 steps success=0
Eval episode 488 finished with return 1.0000 over 500 steps success=0
Eval episode 489 finished with return 1.0000 over 500 steps success=0
Eval episode 490 finished with return 1.0000 over 500 steps success=0
Eval episode 491 finished with return 1.0000 over 500 steps success=0
Eval episode 492 finished with return 1.0000 over 500 steps success=0
Eval episode 493 finished with return 1.0000 over 500 steps success=0
Eval episode 494 finished with return 1.0000 over 500 steps success=0
Eval episode 495 finished with return 1.0000 over 500 steps success=0
Eval episode 496 finished with return 1.0000 over 500 steps success=0
Eval episode 497 finished with return 1.0000 over 500 steps success=0
Eval episode 498 finished with return 1.0000 over 500 steps success=0
Eval episode 499 finished with return 1.0000 over 500 steps success=0
Eval episode 500 finished with return 1.0000 over 500 steps success=0
Eval episode 501 finished with return 1.0000 over 500 steps success=0
Eval episode 502 finished with return 1.0000 over 500 steps success=0
Eval episode 503 finished with return 1.0000 over 500 steps success=0
Eval episode 504 finished with return 1.0000 over 500 steps success=0
Eval episode 505 finished with return 1.0000 over 500 steps success=0
Eval episode 506 finished with return 1.0000 over 500 steps success=0
Eval episode 507 finished with return 1.0000 over 500 steps success=0
Eval episode 508 finished with return 1.0000 over 500 steps success=0
Eval episode 509 finished with return 1.0000 over 500 steps success=0
Eval episode 510 finished with return 1.0000 over 500 steps success=0
Eval episode 511 finished with return 1.0000 over 500 steps success=0
Eval episode 512 finished with return 1.0000 over 500 steps success=0
Eval episode 513 finished with return 1.0000 over 500 steps success=0
Eval episode 514 finished with return 1.0000 over 500 steps success=0
Eval episode 515 finished with return 1.0000 over 500 steps success=0
Eval episode 516 finished with return 1.0000 over 500 steps success=0
Eval episode 517 finished with return 1.0000 over 500 steps success=0
Eval episode 518 finished with return 1.0000 over 500 steps success=0
Eval episode 519 finished with return 1.0000 over 500 steps success=0
Eval episode 520 finished with return 1.0000 over 500 steps success=0
Eval episode 521 finished with return 1.0000 over 500 steps success=0
Eval episode 522 finished with return 1.0000 over 500 steps success=0
Eval episode 523 finished with return 1.0000 over 500 steps success=0
Eval episode 524 finished with return 1.0000 over 500 steps success=0
Eval episode 525 finished with return 1.0000 over 500 steps success=0
Eval episode 526 finished with return 1.0000 over 500 steps success=0
Eval episode 527 finished with return 1.0000 over 500 steps success=0
Eval episode 528 finished with return 1.0000 over 500 steps success=0
Eval episode 529 finished with return 1.0000 over 500 steps success=0
Eval episode 530 finished with return 1.0000 over 500 steps success=0
Eval episode 531 finished with return 1.0000 over 500 steps success=0
Eval episode 532 finished with return 1.0000 over 500 steps success=0
Eval episode 533 finished with return 1.0000 over 500 steps success=0
Eval episode 534 finished with return 1.0000 over 500 steps success=0
Eval episode 535 finished with return 1.0000 over 500 steps success=0
Eval episode 536 finished with return 1.0000 over 500 steps success=0
Eval episode 537 finished with return 1.0000 over 500 steps success=0
Eval episode 538 finished with return 1.0000 over 500 steps success=0
Eval episode 539 finished with return 1.0000 over 500 steps success=0
Eval episode 540 finished with return 1.0000 over 500 steps success=0
Eval episode 541 finished with return 1.0000 over 500 steps success=0
Eval episode 542 finished with return 1.0000 over 500 steps success=0
Eval episode 543 finished with return 1.0000 over 500 steps success=0
Eval episode 544 finished with return 1.0000 over 500 steps success=0
Eval episode 545 finished with return 1.0000 over 500 steps success=0
Eval episode 546 finished with return 1.0000 over 500 steps success=0
Eval episode 547 finished with return 1.0000 over 500 steps success=0
Eval episode 548 finished with return 1.0000 over 500 steps success=0
Eval episode 549 finished with return 1.0000 over 500 steps success=0
Eval episode 550 finished with return 1.0000 over 500 steps success=0
Eval episode 551 finished with return 1.0000 over 500 steps success=0
Eval episode 552 finished with return 1.0000 over 500 steps success=0
Eval episode 553 finished with return 1.0000 over 500 steps success=0
Eval episode 554 finished with return 1.0000 over 500 steps success=0
Eval episode 555 finished with return 1.0000 over 500 steps success=0
Eval episode 556 finished with return 1.0000 over 500 steps success=0
Eval episode 557 finished with return 1.0000 over 500 steps success=0
Eval episode 558 finished with return 1.0000 over 500 steps success=0
Eval episode 559 finished with return 1.0000 over 500 steps success=0
Eval episode 560 finished with return 1.0000 over 500 steps success=0
Eval episode 561 finished with return 1.0000 over 500 steps success=0
Eval episode 562 finished with return 1.0000 over 500 steps success=0
Eval episode 563 finished with return 1.0000 over 500 steps success=0
Eval episode 564 finished with return 1.0000 over 500 steps success=0
Eval episode 565 finished with return 1.0000 over 500 steps success=0
Eval episode 566 finished with return 1.0000 over 500 steps success=0
Eval episode 567 finished with return 1.0000 over 500 steps success=0
Eval episode 568 finished with return 1.0000 over 500 steps success=0
Eval episode 569 finished with return 1.0000 over 500 steps success=0
Eval episode 570 finished with return 1.0000 over 500 steps success=0
Eval episode 571 finished with return 1.0000 over 500 steps success=0
Eval episode 572 finished with return 1.0000 over 500 steps success=0
Eval episode 573 finished with return 1.0000 over 500 steps success=0
Eval episode 574 finished with return 1.0000 over 500 steps success=0
Eval episode 575 finished with return 1.0000 over 500 steps success=0
Eval episode 576 finished with return 1.0000 over 500 steps success=0
Eval episode 577 finished with return 1.0000 over 500 steps success=0
Eval episode 578 finished with return 1.0000 over 500 steps success=0
Eval episode 579 finished with return 1.0000 over 500 steps success=0
Eval episode 580 finished with return 1.0000 over 500 steps success=0
Eval episode 581 finished with return 1.0000 over 500 steps success=0
Eval episode 582 finished with return 1.0000 over 500 steps success=0
Eval episode 583 finished with return 1.0000 over 500 steps success=0
Eval episode 584 finished with return 1.0000 over 500 steps success=0
Eval episode 585 finished with return 1.0000 over 500 steps success=0
Eval episode 586 finished with return 1.0000 over 500 steps success=0
Eval episode 587 finished with return 1.0000 over 500 steps success=0
Eval episode 588 finished with return 1.0000 over 500 steps success=0
Eval episode 589 finished with return 1.0000 over 500 steps success=0
Eval episode 590 finished with return 1.0000 over 500 steps success=0
Eval episode 591 finished with return 1.0000 over 500 steps success=0
Eval episode 592 finished with return 1.0000 over 500 steps success=0
Eval episode 593 finished with return 1.0000 over 500 steps success=0
Eval episode 594 finished with return 1.0000 over 500 steps success=0
Eval episode 595 finished with return 1.0000 over 500 steps success=0
Eval episode 596 finished with return 1.0000 over 500 steps success=0
Eval episode 597 finished with return 1.0000 over 500 steps success=0
Eval episode 598 finished with return 1.0000 over 500 steps success=0
Eval episode 599 finished with return 1.0000 over 500 steps success=0
Eval episode 600 finished with return 1.0000 over 500 steps success=0
Eval episode 601 finished with return 1.0000 over 500 steps success=0
Eval episode 602 finished with return 1.0000 over 500 steps success=0
Eval episode 603 finished with return 1.0000 over 500 steps success=0
Eval episode 604 finished with return 1.0000 over 500 steps success=0
Eval episode 605 finished with return 1.0000 over 500 steps success=0
Eval episode 606 finished with return 1.0000 over 500 steps success=0
Eval episode 607 finished with return 1.0000 over 500 steps success=0
Eval episode 608 finished with return 1.0000 over 500 steps success=0
Eval episode 609 finished with return 1.0000 over 500 steps success=0
Eval episode 610 finished with return 1.0000 over 500 steps success=0
Eval episode 611 finished with return 1.0000 over 500 steps success=0
Eval episode 612 finished with return 1.0000 over 500 steps success=0
Eval episode 613 finished with return 1.0000 over 500 steps success=0
Eval episode 614 finished with return 1.0000 over 500 steps success=0
Eval episode 615 finished with return 1.0000 over 500 steps success=0
Eval episode 616 finished with return 1.0000 over 500 steps success=0
Eval episode 617 finished with return 1.0000 over 500 steps success=0
Eval episode 618 finished with return 1.0000 over 500 steps success=0
Eval episode 619 finished with return 1.0000 over 500 steps success=0
Eval episode 620 finished with return 1.0000 over 500 steps success=0
Eval episode 621 finished with return 1.0000 over 500 steps success=0
Eval episode 622 finished with return 1.0000 over 500 steps success=0
Eval episode 623 finished with return 1.0000 over 500 steps success=0
Eval episode 624 finished with return 1.0000 over 500 steps success=0
Eval episode 625 finished with return 1.0000 over 500 steps success=0
Eval episode 626 finished with return 1.0000 over 500 steps success=0
Eval episode 627 finished with return 1.0000 over 500 steps success=0
Eval episode 628 finished with return 1.0000 over 500 steps success=0
Eval episode 629 finished with return 1.0000 over 500 steps success=0
Eval episode 630 finished with return 1.0000 over 500 steps success=0
Eval episode 631 finished with return 1.0000 over 500 steps success=0
Eval episode 632 finished with return 1.0000 over 500 steps success=0
Eval episode 633 finished with return 1.0000 over 500 steps success=0
Eval episode 634 finished with return 1.0000 over 500 steps success=0
Eval episode 635 finished with return 1.0000 over 500 steps success=0
Eval episode 636 finished with return 1.0000 over 500 steps success=0
Eval episode 637 finished with return 1.0000 over 500 steps success=0
Eval episode 638 finished with return 1.0000 over 500 steps success=0
Eval episode 639 finished with return 1.0000 over 500 steps success=0
Eval episode 640 finished with return 1.0000 over 500 steps success=0
Eval episode 641 finished with return 1.0000 over 500 steps success=0
Eval episode 642 finished with return 1.0000 over 500 steps success=0
Eval episode 643 finished with return 1.0000 over 500 steps success=0
Eval episode 644 finished with return 1.0000 over 500 steps success=0
Eval episode 645 finished with return 1.0000 over 500 steps success=0
Eval episode 646 finished with return 1.0000 over 500 steps success=0
Eval episode 647 finished with return 1.0000 over 500 steps success=0
Eval episode 648 finished with return 1.0000 over 500 steps success=0
Eval episode 649 finished with return 1.0000 over 500 steps success=0
Eval episode 650 finished with return 1.0000 over 500 steps success=0
Eval episode 651 finished with return 1.0000 over 500 steps success=0
Eval episode 652 finished with return 1.0000 over 500 steps success=0
Eval episode 653 finished with return 1.0000 over 500 steps success=0
Eval episode 654 finished with return 1.0000 over 500 steps success=0
Eval episode 655 finished with return 1.0000 over 500 steps success=0
Eval episode 656 finished with return 1.0000 over 500 steps success=0
Eval episode 657 finished with return 1.0000 over 500 steps success=0
Eval episode 658 finished with return 1.0000 over 500 steps success=0
Eval episode 659 finished with return 1.0000 over 500 steps success=0
Eval episode 660 finished with return 1.0000 over 500 steps success=0
Eval episode 661 finished with return 1.0000 over 500 steps success=0
Eval episode 662 finished with return 1.0000 over 500 steps success=0
Eval episode 663 finished with return 1.0000 over 500 steps success=0
Eval episode 664 finished with return 1.0000 over 500 steps success=0
Eval episode 665 finished with return 1.0000 over 500 steps success=0
Eval episode 666 finished with return 1.0000 over 500 steps success=0
Eval episode 667 finished with return 1.0000 over 500 steps success=0
Eval episode 668 finished with return 1.0000 over 500 steps success=0
Eval episode 669 finished with return 1.0000 over 500 steps success=0
Eval episode 670 finished with return 1.0000 over 500 steps success=0
Eval episode 671 finished with return 1.0000 over 500 steps success=0
Eval episode 672 finished with return 1.0000 over 500 steps success=0
Eval episode 673 finished with return 1.0000 over 500 steps success=0
Eval episode 674 finished with return 1.0000 over 500 steps success=0
Eval episode 675 finished with return 1.0000 over 500 steps success=0
Eval episode 676 finished with return 1.0000 over 500 steps success=0
Eval episode 677 finished with return 1.0000 over 500 steps success=0
Eval episode 678 finished with return 1.0000 over 500 steps success=0
Eval episode 679 finished with return 1.0000 over 500 steps success=0
Eval episode 680 finished with return 1.0000 over 500 steps success=0
Eval episode 681 finished with return 1.0000 over 500 steps success=0
Eval episode 682 finished with return 1.0000 over 500 steps success=0
Eval episode 683 finished with return 1.0000 over 500 steps success=0
Eval episode 684 finished with return 1.0000 over 500 steps success=0
Eval episode 685 finished with return 1.0000 over 500 steps success=0
Eval episode 686 finished with return 1.0000 over 500 steps success=0
Eval episode 687 finished with return 1.0000 over 500 steps success=0
Eval episode 688 finished with return 1.0000 over 500 steps success=0
Eval episode 689 finished with return 1.0000 over 500 steps success=0
Eval episode 690 finished with return 1.0000 over 500 steps success=0
Eval episode 691 finished with return 1.0000 over 500 steps success=0
Eval episode 692 finished with return 1.0000 over 500 steps success=0
Eval episode 693 finished with return 1.0000 over 500 steps success=0
Eval episode 694 finished with return 1.0000 over 500 steps success=0
Eval episode 695 finished with return 1.0000 over 500 steps success=0
Eval episode 696 finished with return 1.0000 over 500 steps success=0
Eval episode 697 finished with return 1.0000 over 500 steps success=0
Eval episode 698 finished with return 1.0000 over 500 steps success=0
Eval episode 699 finished with return 1.0000 over 500 steps success=0
Eval episode 700 finished with return 1.0000 over 500 steps success=0
Eval episode 701 finished with return 1.0000 over 500 steps success=0
Eval episode 702 finished with return 1.0000 over 500 steps success=0
Eval episode 703 finished with return 1.0000 over 500 steps success=0
Eval episode 704 finished with return 1.0000 over 500 steps success=0
Eval episode 705 finished with return 1.0000 over 500 steps success=0
Eval episode 706 finished with return 1.0000 over 500 steps success=0
Eval episode 707 finished with return 1.0000 over 500 steps success=0
Eval episode 708 finished with return 1.0000 over 500 steps success=0
Eval episode 709 finished with return 1.0000 over 500 steps success=0
Eval episode 710 finished with return 1.0000 over 500 steps success=0
Eval episode 711 finished with return 1.0000 over 500 steps success=0
Eval episode 712 finished with return 1.0000 over 500 steps success=0
Eval episode 713 finished with return 1.0000 over 500 steps success=0
Eval episode 714 finished with return 1.0000 over 500 steps success=0
Eval episode 715 finished with return 1.0000 over 500 steps success=0
Eval episode 716 finished with return 1.0000 over 500 steps success=0
Eval episode 717 finished with return 1.0000 over 500 steps success=0
Eval episode 718 finished with return 1.0000 over 500 steps success=0
Eval episode 719 finished with return 1.0000 over 500 steps success=0
Eval episode 720 finished with return 1.0000 over 500 steps success=0
Eval episode 721 finished with return 1.0000 over 500 steps success=0
Eval episode 722 finished with return 1.0000 over 500 steps success=0
Eval episode 723 finished with return 1.0000 over 500 steps success=0
Eval episode 724 finished with return 1.0000 over 500 steps success=0
Eval episode 725 finished with return 1.0000 over 500 steps success=0
Eval episode 726 finished with return 1.0000 over 500 steps success=0
Eval episode 727 finished with return 1.0000 over 500 steps success=0
Eval episode 728 finished with return 1.0000 over 500 steps success=0
Eval episode 729 finished with return 1.0000 over 500 steps success=0
Eval episode 730 finished with return 1.0000 over 500 steps success=0
Eval episode 731 finished with return 1.0000 over 500 steps success=0
Eval episode 732 finished with return 1.0000 over 500 steps success=0
Eval episode 733 finished with return 1.0000 over 500 steps success=0
Eval episode 734 finished with return 1.0000 over 500 steps success=0
Eval episode 735 finished with return 1.0000 over 500 steps success=0
Eval episode 736 finished with return 1.0000 over 500 steps success=0
Eval episode 737 finished with return 1.0000 over 500 steps success=0
Eval episode 738 finished with return 1.0000 over 500 steps success=0
Eval episode 739 finished with return 1.0000 over 500 steps success=0
Eval episode 740 finished with return 1.0000 over 500 steps success=0
Eval episode 741 finished with return 1.0000 over 500 steps success=0
Eval episode 742 finished with return 1.0000 over 500 steps success=0
Eval episode 743 finished with return 1.0000 over 500 steps success=0
Eval episode 744 finished with return 1.0000 over 500 steps success=0
Eval episode 745 finished with return 1.0000 over 500 steps success=0
Eval episode 746 finished with return 1.0000 over 500 steps success=0
Eval episode 747 finished with return 1.0000 over 500 steps success=0
Eval episode 748 finished with return 1.0000 over 500 steps success=0
Eval episode 749 finished with return 1.0000 over 500 steps success=0
Eval episode 750 finished with return 1.0000 over 500 steps success=0
Eval episode 751 finished with return 1.0000 over 500 steps success=0
Eval episode 752 finished with return 1.0000 over 500 steps success=0
Eval episode 753 finished with return 1.0000 over 500 steps success=0
Eval episode 754 finished with return 1.0000 over 500 steps success=0
Eval episode 755 finished with return 1.0000 over 500 steps success=0
Eval episode 756 finished with return 1.0000 over 500 steps success=0
Eval episode 757 finished with return 1.0000 over 500 steps success=0
Eval episode 758 finished with return 1.0000 over 500 steps success=0
Eval episode 759 finished with return 1.0000 over 500 steps success=0
Eval episode 760 finished with return 1.0000 over 500 steps success=0
Eval episode 761 finished with return 1.0000 over 500 steps success=0
Eval episode 762 finished with return 1.0000 over 500 steps success=0
Eval episode 763 finished with return 1.0000 over 500 steps success=0
Eval episode 764 finished with return 1.0000 over 500 steps success=0
Eval episode 765 finished with return 1.0000 over 500 steps success=0
Eval episode 766 finished with return 1.0000 over 500 steps success=0
Eval episode 767 finished with return 1.0000 over 500 steps success=0
Eval episode 768 finished with return 1.0000 over 500 steps success=0
Eval episode 769 finished with return 1.0000 over 500 steps success=0
Eval episode 770 finished with return 1.0000 over 500 steps success=0
Eval episode 771 finished with return 1.0000 over 500 steps success=0
Eval episode 772 finished with return 1.0000 over 500 steps success=0
Eval episode 773 finished with return 1.0000 over 500 steps success=0
Eval episode 774 finished with return 1.0000 over 500 steps success=0
Eval episode 775 finished with return 1.0000 over 500 steps success=0
Eval episode 776 finished with return 1.0000 over 500 steps success=0
Eval episode 777 finished with return 1.0000 over 500 steps success=0
Eval episode 778 finished with return 1.0000 over 500 steps success=0
Eval episode 779 finished with return 1.0000 over 500 steps success=0
Eval episode 780 finished with return 1.0000 over 500 steps success=0
Eval episode 781 finished with return 1.0000 over 500 steps success=0
Eval episode 782 finished with return 1.0000 over 500 steps success=0
Eval episode 783 finished with return 1.0000 over 500 steps success=0
Eval episode 784 finished with return 1.0000 over 500 steps success=0
Eval episode 785 finished with return 1.0000 over 500 steps success=0
Eval episode 786 finished with return 1.0000 over 500 steps success=0
Eval episode 787 finished with return 1.0000 over 500 steps success=0
Eval episode 788 finished with return 1.0000 over 500 steps success=0
Eval episode 789 finished with return 1.0000 over 500 steps success=0
Eval episode 790 finished with return 1.0000 over 500 steps success=0
Eval episode 791 finished with return 1.0000 over 500 steps success=0
Eval episode 792 finished with return 1.0000 over 500 steps success=0
Eval episode 793 finished with return 1.0000 over 500 steps success=0
Eval episode 794 finished with return 1.0000 over 500 steps success=0
Eval episode 795 finished with return 1.0000 over 500 steps success=0
Eval episode 796 finished with return 1.0000 over 500 steps success=0
Eval episode 797 finished with return 1.0000 over 500 steps success=0
Eval episode 798 finished with return 1.0000 over 500 steps success=0
Eval episode 799 finished with return 1.0000 over 500 steps success=0
Eval episode 800 finished with return 1.0000 over 500 steps success=0
Eval episode 801 finished with return 1.0000 over 500 steps success=0
Eval episode 802 finished with return 1.0000 over 500 steps success=0
Eval episode 803 finished with return 1.0000 over 500 steps success=0
Eval episode 804 finished with return 1.0000 over 500 steps success=0
Eval episode 805 finished with return 1.0000 over 500 steps success=0
Eval episode 806 finished with return 1.0000 over 500 steps success=0
Eval episode 807 finished with return 1.0000 over 500 steps success=0
Eval episode 808 finished with return 1.0000 over 500 steps success=0
Eval episode 809 finished with return 1.0000 over 500 steps success=0
Eval episode 810 finished with return 1.0000 over 500 steps success=0
Eval episode 811 finished with return 1.0000 over 500 steps success=0
Eval episode 812 finished with return 1.0000 over 500 steps success=0
Eval episode 813 finished with return 1.0000 over 500 steps success=0
Eval episode 814 finished with return 1.0000 over 500 steps success=0
Eval episode 815 finished with return 1.0000 over 500 steps success=0
Eval episode 816 finished with return 1.0000 over 500 steps success=0
Eval episode 817 finished with return 1.0000 over 500 steps success=0
Eval episode 818 finished with return 1.0000 over 500 steps success=0
Eval episode 819 finished with return 1.0000 over 500 steps success=0
Eval episode 820 finished with return 1.0000 over 500 steps success=0
Eval episode 821 finished with return 1.0000 over 500 steps success=0
Eval episode 822 finished with return 1.0000 over 500 steps success=0
Eval episode 823 finished with return 1.0000 over 500 steps success=0
Eval episode 824 finished with return 1.0000 over 500 steps success=0
Eval episode 825 finished with return 1.0000 over 500 steps success=0
Eval episode 826 finished with return 1.0000 over 500 steps success=0
Eval episode 827 finished with return 1.0000 over 500 steps success=0
Eval episode 828 finished with return 1.0000 over 500 steps success=0
Eval episode 829 finished with return 1.0000 over 500 steps success=0
Eval episode 830 finished with return 1.0000 over 500 steps success=0
Eval episode 831 finished with return 1.0000 over 500 steps success=0
Eval episode 832 finished with return 1.0000 over 500 steps success=0
Eval episode 833 finished with return 1.0000 over 500 steps success=0
Eval episode 834 finished with return 1.0000 over 500 steps success=0
Eval episode 835 finished with return 1.0000 over 500 steps success=0
Eval episode 836 finished with return 1.0000 over 500 steps success=0
Eval episode 837 finished with return 1.0000 over 500 steps success=0
Eval episode 838 finished with return 1.0000 over 500 steps success=0
Eval episode 839 finished with return 1.0000 over 500 steps success=0
Eval episode 840 finished with return 1.0000 over 500 steps success=0
Eval episode 841 finished with return 1.0000 over 500 steps success=0
Eval episode 842 finished with return 1.0000 over 500 steps success=0
Eval episode 843 finished with return 1.0000 over 500 steps success=0
Eval episode 844 finished with return 1.0000 over 500 steps success=0
Eval episode 845 finished with return 1.0000 over 500 steps success=0
Eval episode 846 finished with return 1.0000 over 500 steps success=0
Eval episode 847 finished with return 1.0000 over 500 steps success=0
Eval episode 848 finished with return 1.0000 over 500 steps success=0
Eval episode 849 finished with return 1.0000 over 500 steps success=0
Eval episode 850 finished with return 1.0000 over 500 steps success=0
Eval episode 851 finished with return 1.0000 over 500 steps success=0
Eval episode 852 finished with return 1.0000 over 500 steps success=0
Eval episode 853 finished with return 1.0000 over 500 steps success=0
Eval episode 854 finished with return 1.0000 over 500 steps success=0
Eval episode 855 finished with return 1.0000 over 500 steps success=0
Eval episode 856 finished with return 1.0000 over 500 steps success=0
Eval episode 857 finished with return 1.0000 over 500 steps success=0
Eval episode 858 finished with return 1.0000 over 500 steps success=0
Eval episode 859 finished with return 1.0000 over 500 steps success=0
Eval episode 860 finished with return 1.0000 over 500 steps success=0
Eval episode 861 finished with return 1.0000 over 500 steps success=0
Eval episode 862 finished with return 1.0000 over 500 steps success=0
Eval episode 863 finished with return 1.0000 over 500 steps success=0
Eval episode 864 finished with return 1.0000 over 500 steps success=0
Eval episode 865 finished with return 1.0000 over 500 steps success=0
Eval episode 866 finished with return 1.0000 over 500 steps success=0
Eval episode 867 finished with return 1.0000 over 500 steps success=0
Eval episode 868 finished with return 1.0000 over 500 steps success=0
Eval episode 869 finished with return 1.0000 over 500 steps success=0
Eval episode 870 finished with return 1.0000 over 500 steps success=0
Eval episode 871 finished with return 1.0000 over 500 steps success=0
Eval episode 872 finished with return 1.0000 over 500 steps success=0
Eval episode 873 finished with return 1.0000 over 500 steps success=0
Eval episode 874 finished with return 1.0000 over 500 steps success=0
Eval episode 875 finished with return 1.0000 over 500 steps success=0
Eval episode 876 finished with return 1.0000 over 500 steps success=0
Eval episode 877 finished with return 1.0000 over 500 steps success=0
Eval episode 878 finished with return 1.0000 over 500 steps success=0
Eval episode 879 finished with return 1.0000 over 500 steps success=0
Eval episode 880 finished with return 1.0000 over 500 steps success=0
Eval episode 881 finished with return 1.0000 over 500 steps success=0
Eval episode 882 finished with return 1.0000 over 500 steps success=0
Eval episode 883 finished with return 1.0000 over 500 steps success=0
Eval episode 884 finished with return 1.0000 over 500 steps success=0
Eval episode 885 finished with return 1.0000 over 500 steps success=0
Eval episode 886 finished with return 1.0000 over 500 steps success=0
Eval episode 887 finished with return 1.0000 over 500 steps success=0
Eval episode 888 finished with return 1.0000 over 500 steps success=0
Eval episode 889 finished with return 1.0000 over 500 steps success=0
Eval episode 890 finished with return 1.0000 over 500 steps success=0
Eval episode 891 finished with return 1.0000 over 500 steps success=0
Eval episode 892 finished with return 1.0000 over 500 steps success=0
Eval episode 893 finished with return 1.0000 over 500 steps success=0
Eval episode 894 finished with return 1.0000 over 500 steps success=0
Eval episode 895 finished with return 1.0000 over 500 steps success=0
Eval episode 896 finished with return 1.0000 over 500 steps success=0
Eval episode 897 finished with return 1.0000 over 500 steps success=0
Eval episode 898 finished with return 1.0000 over 500 steps success=0
Eval episode 899 finished with return 1.0000 over 500 steps success=0
Eval episode 900 finished with return 1.0000 over 500 steps success=0
Eval episode 901 finished with return 1.0000 over 500 steps success=0
Eval episode 902 finished with return 1.0000 over 500 steps success=0
Eval episode 903 finished with return 1.0000 over 500 steps success=0
Eval episode 904 finished with return 1.0000 over 500 steps success=0
Eval episode 905 finished with return 1.0000 over 500 steps success=0
Eval episode 906 finished with return 1.0000 over 500 steps success=0
Eval episode 907 finished with return 1.0000 over 500 steps success=0
Eval episode 908 finished with return 1.0000 over 500 steps success=0
Eval episode 909 finished with return 1.0000 over 500 steps success=0
Eval episode 910 finished with return 1.0000 over 500 steps success=0
Eval episode 911 finished with return 1.0000 over 500 steps success=0
Eval episode 912 finished with return 1.0000 over 500 steps success=0
Eval episode 913 finished with return 1.0000 over 500 steps success=0
Eval episode 914 finished with return 1.0000 over 500 steps success=0
Eval episode 915 finished with return 1.0000 over 500 steps success=0
Eval episode 916 finished with return 1.0000 over 500 steps success=0
Eval episode 917 finished with return 1.0000 over 500 steps success=0
Eval episode 918 finished with return 1.0000 over 500 steps success=0
Eval episode 919 finished with return 1.0000 over 500 steps success=0
Eval episode 920 finished with return 1.0000 over 500 steps success=0
Eval episode 921 finished with return 1.0000 over 500 steps success=0
Eval episode 922 finished with return 1.0000 over 500 steps success=0
Eval episode 923 finished with return 1.0000 over 500 steps success=0
Eval episode 924 finished with return 1.0000 over 500 steps success=0
Eval episode 925 finished with return 1.0000 over 500 steps success=0
Eval episode 926 finished with return 1.0000 over 500 steps success=0
Eval episode 927 finished with return 1.0000 over 500 steps success=0
Eval episode 928 finished with return 1.0000 over 500 steps success=0
Eval episode 929 finished with return 1.0000 over 500 steps success=0
Eval episode 930 finished with return 1.0000 over 500 steps success=0
Eval episode 931 finished with return 1.0000 over 500 steps success=0
Eval episode 932 finished with return 1.0000 over 500 steps success=0
Eval episode 933 finished with return 1.0000 over 500 steps success=0
Eval episode 934 finished with return 1.0000 over 500 steps success=0
Eval episode 935 finished with return 1.0000 over 500 steps success=0
Eval episode 936 finished with return 1.0000 over 500 steps success=0
Eval episode 937 finished with return 1.0000 over 500 steps success=0
Eval episode 938 finished with return 1.0000 over 500 steps success=0
Eval episode 939 finished with return 1.0000 over 500 steps success=0
Eval episode 940 finished with return 1.0000 over 500 steps success=0
Eval episode 941 finished with return 1.0000 over 500 steps success=0
Eval episode 942 finished with return 1.0000 over 500 steps success=0
Eval episode 943 finished with return 1.0000 over 500 steps success=0
Eval episode 944 finished with return 1.0000 over 500 steps success=0
Eval episode 945 finished with return 1.0000 over 500 steps success=0
Eval episode 946 finished with return 1.0000 over 500 steps success=0
Eval episode 947 finished with return 1.0000 over 500 steps success=0
Eval episode 948 finished with return 1.0000 over 500 steps success=0
Eval episode 949 finished with return 1.0000 over 500 steps success=0
Eval episode 950 finished with return 1.0000 over 500 steps success=0
Eval episode 951 finished with return 1.0000 over 500 steps success=0
Eval episode 952 finished with return 1.0000 over 500 steps success=0
Eval episode 953 finished with return 1.0000 over 500 steps success=0
Eval episode 954 finished with return 1.0000 over 500 steps success=0
Eval episode 955 finished with return 1.0000 over 500 steps success=0
Eval episode 956 finished with return 1.0000 over 500 steps success=0
Eval episode 957 finished with return 1.0000 over 500 steps success=0
Eval episode 958 finished with return 1.0000 over 500 steps success=0
Eval episode 959 finished with return 1.0000 over 500 steps success=0
Eval episode 960 finished with return 1.0000 over 500 steps success=0
Eval episode 961 finished with return 1.0000 over 500 steps success=0
Eval episode 962 finished with return 1.0000 over 500 steps success=0
Eval episode 963 finished with return 1.0000 over 500 steps success=0
Eval episode 964 finished with return 1.0000 over 500 steps success=0
Eval episode 965 finished with return 1.0000 over 500 steps success=0
Eval episode 966 finished with return 1.0000 over 500 steps success=0
Eval episode 967 finished with return 1.0000 over 500 steps success=0
Eval episode 968 finished with return 1.0000 over 500 steps success=0
Eval episode 969 finished with return 1.0000 over 500 steps success=0
Eval episode 970 finished with return 1.0000 over 500 steps success=0
Eval episode 971 finished with return 1.0000 over 500 steps success=0
Eval episode 972 finished with return 1.0000 over 500 steps success=0
Eval episode 973 finished with return 1.0000 over 500 steps success=0
Eval episode 974 finished with return 1.0000 over 500 steps success=0
Eval episode 975 finished with return 1.0000 over 500 steps success=0
Eval episode 976 finished with return 1.0000 over 500 steps success=0
Eval episode 977 finished with return 1.0000 over 500 steps success=0
Eval episode 978 finished with return 1.0000 over 500 steps success=0
Eval episode 979 finished with return 1.0000 over 500 steps success=0
Eval episode 980 finished with return 1.0000 over 500 steps success=0
Eval episode 981 finished with return 1.0000 over 500 steps success=0
Eval episode 982 finished with return 1.0000 over 500 steps success=0
Eval episode 983 finished with return 1.0000 over 500 steps success=0
Eval episode 984 finished with return 1.0000 over 500 steps success=0
Eval episode 985 finished with return 1.0000 over 500 steps success=0
Eval episode 986 finished with return 1.0000 over 500 steps success=0
Eval episode 987 finished with return 1.0000 over 500 steps success=0
Eval episode 988 finished with return 1.0000 over 500 steps success=0
Eval episode 989 finished with return 1.0000 over 500 steps success=0
Eval episode 990 finished with return 1.0000 over 500 steps success=0
Eval episode 991 finished with return 1.0000 over 500 steps success=0
Eval episode 992 finished with return 1.0000 over 500 steps success=0
Eval episode 993 finished with return 1.0000 over 500 steps success=0
Eval episode 994 finished with return 1.0000 over 500 steps success=0
Eval episode 995 finished with return 1.0000 over 500 steps success=0
Eval episode 996 finished with return 1.0000 over 500 steps success=0
Eval episode 997 finished with return 1.0000 over 500 steps success=0
Eval episode 998 finished with return 1.0000 over 500 steps success=0
Eval episode 999 finished with return 1.0000 over 500 steps success=0
Eval episode 1000 finished with return 1.0000 over 500 steps success=0
Eval summary: success_rate=0.0000 (0/1000), visualized=10
Saved eval summary: /home/y/Simer/exam/train_dmcontrol_dreamerv3_ball_in_cup_release_30k/output/eval/step_0015000/eval_summary.json
Saved checkpoint: policy.ckpt
step=15200 episode=30 return=1.0000 length=200
step=15400 episode=30 return=1.0000 length=400
step=15600 episode=31 return=1.0000 length=100
step=15800 episode=31 return=1.0000 length=300
step=16000 episode=31 return=1.0000 length=500
step=16200 episode=32 return=1.0000 length=200
step=16400 episode=32 return=1.0000 length=400
step=16600 episode=33 return=1.0000 length=100
step=16800 episode=33 return=1.0000 length=300
step=17000 episode=33 return=1.0000 length=500
step=17200 episode=34 return=1.0000 length=200
step=17400 episode=34 return=1.0000 length=400
step=17600 episode=35 return=1.0000 length=100
step=17800 episode=35 return=1.0000 length=300
step=18000 episode=35 return=1.0000 length=500
step=18200 episode=36 return=1.0000 length=200
step=18400 episode=36 return=1.0000 length=400
step=18600 episode=37 return=1.0000 length=100
step=18800 episode=37 return=1.0000 length=300
step=19000 episode=37 return=1.0000 length=500
step=19200 episode=38 return=1.0000 length=200
step=19400 episode=38 return=1.0000 length=400
step=19600 episode=39 return=1.0000 length=100
step=19800 episode=39 return=1.0000 length=300
step=20000 episode=39 return=1.0000 length=500
Running evaluation at step=20000 ...
Eval episode 1 finished with return 1.0000 over 500 steps success=0
Eval episode 2 finished with return 1.0000 over 500 steps success=0
Eval episode 3 finished with return 1.0000 over 500 steps success=0
Eval episode 4 finished with return 1.0000 over 500 steps success=0
Eval episode 5 finished with return 1.0000 over 500 steps success=0
Eval episode 6 finished with return 1.0000 over 500 steps success=0
Eval episode 7 finished with return 1.0000 over 500 steps success=0
Eval episode 8 finished with return 1.0000 over 500 steps success=0
Eval episode 9 finished with return 1.0000 over 500 steps success=0
Eval episode 10 finished with return 1.0000 over 500 steps success=0
Eval episode 11 finished with return 1.0000 over 500 steps success=0
Eval episode 12 finished with return 1.0000 over 500 steps success=0
Eval episode 13 finished with return 1.0000 over 500 steps success=0
Eval episode 14 finished with return 1.0000 over 500 steps success=0
Eval episode 15 finished with return 1.0000 over 500 steps success=0
Eval episode 16 finished with return 1.0000 over 500 steps success=0
Eval episode 17 finished with return 1.0000 over 500 steps success=0
Eval episode 18 finished with return 1.0000 over 500 steps success=0
Eval episode 19 finished with return 1.0000 over 500 steps success=0
Eval episode 20 finished with return 1.0000 over 500 steps success=0
Eval episode 21 finished with return 1.0000 over 500 steps success=0
Eval episode 22 finished with return 1.0000 over 500 steps success=0
Eval episode 23 finished with return 1.0000 over 500 steps success=0
Eval episode 24 finished with return 1.0000 over 500 steps success=0
Eval episode 25 finished with return 1.0000 over 500 steps success=0
Eval episode 26 finished with return 1.0000 over 500 steps success=0
Eval episode 27 finished with return 1.0000 over 500 steps success=0
Eval episode 28 finished with return 1.0000 over 500 steps success=0
Eval episode 29 finished with return 1.0000 over 500 steps success=0
Eval episode 30 finished with return 1.0000 over 500 steps success=0
Eval episode 31 finished with return 1.0000 over 500 steps success=0
Eval episode 32 finished with return 1.0000 over 500 steps success=0
Eval episode 33 finished with return 1.0000 over 500 steps success=0
Eval episode 34 finished with return 1.0000 over 500 steps success=0
Eval episode 35 finished with return 1.0000 over 500 steps success=0
Eval episode 36 finished with return 1.0000 over 500 steps success=0
Eval episode 37 finished with return 1.0000 over 500 steps success=0
Eval episode 38 finished with return 1.0000 over 500 steps success=0
Eval episode 39 finished with return 1.0000 over 500 steps success=0
Eval episode 40 finished with return 1.0000 over 500 steps success=0
Eval episode 41 finished with return 1.0000 over 500 steps success=0
Eval episode 42 finished with return 1.0000 over 500 steps success=0
Eval episode 43 finished with return 1.0000 over 500 steps success=0
Eval episode 44 finished with return 1.0000 over 500 steps success=0
Eval episode 45 finished with return 1.0000 over 500 steps success=0
Eval episode 46 finished with return 1.0000 over 500 steps success=0
Eval episode 47 finished with return 1.0000 over 500 steps success=0
Eval episode 48 finished with return 1.0000 over 500 steps success=0
Eval episode 49 finished with return 1.0000 over 500 steps success=0
Eval episode 50 finished with return 1.0000 over 500 steps success=0
Eval episode 51 finished with return 1.0000 over 500 steps success=0
Eval episode 52 finished with return 1.0000 over 500 steps success=0
Eval episode 53 finished with return 1.0000 over 500 steps success=0
Eval episode 54 finished with return 1.0000 over 500 steps success=0
Eval episode 55 finished with return 1.0000 over 500 steps success=0
Eval episode 56 finished with return 1.0000 over 500 steps success=0
Eval episode 57 finished with return 1.0000 over 500 steps success=0
Eval episode 58 finished with return 1.0000 over 500 steps success=0
Eval episode 59 finished with return 1.0000 over 500 steps success=0
Eval episode 60 finished with return 1.0000 over 500 steps success=0
Eval episode 61 finished with return 1.0000 over 500 steps success=0
Eval episode 62 finished with return 1.0000 over 500 steps success=0
Eval episode 63 finished with return 1.0000 over 500 steps success=0
Eval episode 64 finished with return 1.0000 over 500 steps success=0
Eval episode 65 finished with return 1.0000 over 500 steps success=0
Eval episode 66 finished with return 1.0000 over 500 steps success=0
Eval episode 67 finished with return 1.0000 over 500 steps success=0
Eval episode 68 finished with return 1.0000 over 500 steps success=0
Eval episode 69 finished with return 1.0000 over 500 steps success=0
Eval episode 70 finished with return 1.0000 over 500 steps success=0
Eval episode 71 finished with return 1.0000 over 500 steps success=0
Eval episode 72 finished with return 1.0000 over 500 steps success=0
Eval episode 73 finished with return 1.0000 over 500 steps success=0
Eval episode 74 finished with return 1.0000 over 500 steps success=0
Eval episode 75 finished with return 1.0000 over 500 steps success=0
Eval episode 76 finished with return 1.0000 over 500 steps success=0
Eval episode 77 finished with return 1.0000 over 500 steps success=0
Eval episode 78 finished with return 1.0000 over 500 steps success=0
Eval episode 79 finished with return 1.0000 over 500 steps success=0
Eval episode 80 finished with return 1.0000 over 500 steps success=0
Eval episode 81 finished with return 1.0000 over 500 steps success=0
Eval episode 82 finished with return 1.0000 over 500 steps success=0
Eval episode 83 finished with return 1.0000 over 500 steps success=0
Eval episode 84 finished with return 1.0000 over 500 steps success=0
Eval episode 85 finished with return 1.0000 over 500 steps success=0
Eval episode 86 finished with return 1.0000 over 500 steps success=0
Eval episode 87 finished with return 1.0000 over 500 steps success=0
Eval episode 88 finished with return 1.0000 over 500 steps success=0
Eval episode 89 finished with return 1.0000 over 500 steps success=0
Eval episode 90 finished with return 1.0000 over 500 steps success=0
Eval episode 91 finished with return 1.0000 over 500 steps success=0
Eval episode 92 finished with return 1.0000 over 500 steps success=0
Eval episode 93 finished with return 1.0000 over 500 steps success=0
Eval episode 94 finished with return 1.0000 over 500 steps success=0
Eval episode 95 finished with return 1.0000 over 500 steps success=0
Eval episode 96 finished with return 1.0000 over 500 steps success=0
Eval episode 97 finished with return 1.0000 over 500 steps success=0
Eval episode 98 finished with return 1.0000 over 500 steps success=0
Eval episode 99 finished with return 1.0000 over 500 steps success=0
Eval episode 100 finished with return 1.0000 over 500 steps success=0
Eval episode 101 finished with return 1.0000 over 500 steps success=0
Eval episode 102 finished with return 1.0000 over 500 steps success=0
Eval episode 103 finished with return 1.0000 over 500 steps success=0
Eval episode 104 finished with return 1.0000 over 500 steps success=0
Eval episode 105 finished with return 1.0000 over 500 steps success=0
Eval episode 106 finished with return 1.0000 over 500 steps success=0
Eval episode 107 finished with return 1.0000 over 500 steps success=0
Eval episode 108 finished with return 1.0000 over 500 steps success=0
Eval episode 109 finished with return 1.0000 over 500 steps success=0
Eval episode 110 finished with return 1.0000 over 500 steps success=0
Eval episode 111 finished with return 1.0000 over 500 steps success=0
Eval episode 112 finished with return 1.0000 over 500 steps success=0
Eval episode 113 finished with return 1.0000 over 500 steps success=0
Eval episode 114 finished with return 1.0000 over 500 steps success=0
Eval episode 115 finished with return 1.0000 over 500 steps success=0
Eval episode 116 finished with return 1.0000 over 500 steps success=0
Eval episode 117 finished with return 1.0000 over 500 steps success=0
Eval episode 118 finished with return 1.0000 over 500 steps success=0
Eval episode 119 finished with return 1.0000 over 500 steps success=0
Eval episode 120 finished with return 1.0000 over 500 steps success=0
Eval episode 121 finished with return 1.0000 over 500 steps success=0
Eval episode 122 finished with return 1.0000 over 500 steps success=0
Eval episode 123 finished with return 1.0000 over 500 steps success=0
Eval episode 124 finished with return 1.0000 over 500 steps success=0
Eval episode 125 finished with return 1.0000 over 500 steps success=0
Eval episode 126 finished with return 1.0000 over 500 steps success=0
Eval episode 127 finished with return 1.0000 over 500 steps success=0
Eval episode 128 finished with return 1.0000 over 500 steps success=0
Eval episode 129 finished with return 1.0000 over 500 steps success=0
Eval episode 130 finished with return 1.0000 over 500 steps success=0
Eval episode 131 finished with return 1.0000 over 500 steps success=0
Eval episode 132 finished with return 1.0000 over 500 steps success=0
Eval episode 133 finished with return 1.0000 over 500 steps success=0
Eval episode 134 finished with return 1.0000 over 500 steps success=0
Eval episode 135 finished with return 1.0000 over 500 steps success=0
Eval episode 136 finished with return 1.0000 over 500 steps success=0
Eval episode 137 finished with return 1.0000 over 500 steps success=0
Eval episode 138 finished with return 1.0000 over 500 steps success=0
Eval episode 139 finished with return 1.0000 over 500 steps success=0
Eval episode 140 finished with return 1.0000 over 500 steps success=0
Eval episode 141 finished with return 1.0000 over 500 steps success=0
Eval episode 142 finished with return 1.0000 over 500 steps success=0
Eval episode 143 finished with return 1.0000 over 500 steps success=0
Eval episode 144 finished with return 1.0000 over 500 steps success=0
Eval episode 145 finished with return 1.0000 over 500 steps success=0
Eval episode 146 finished with return 1.0000 over 500 steps success=0
Eval episode 147 finished with return 1.0000 over 500 steps success=0
Eval episode 148 finished with return 1.0000 over 500 steps success=0
Eval episode 149 finished with return 1.0000 over 500 steps success=0
Eval episode 150 finished with return 1.0000 over 500 steps success=0
Eval episode 151 finished with return 1.0000 over 500 steps success=0
Eval episode 152 finished with return 1.0000 over 500 steps success=0
Eval episode 153 finished with return 1.0000 over 500 steps success=0
Eval episode 154 finished with return 1.0000 over 500 steps success=0
Eval episode 155 finished with return 1.0000 over 500 steps success=0
Eval episode 156 finished with return 1.0000 over 500 steps success=0
Eval episode 157 finished with return 1.0000 over 500 steps success=0
Eval episode 158 finished with return 1.0000 over 500 steps success=0
Eval episode 159 finished with return 1.0000 over 500 steps success=0
Eval episode 160 finished with return 1.0000 over 500 steps success=0
Eval episode 161 finished with return 1.0000 over 500 steps success=0
Eval episode 162 finished with return 1.0000 over 500 steps success=0
Eval episode 163 finished with return 1.0000 over 500 steps success=0
Eval episode 164 finished with return 1.0000 over 500 steps success=0
Eval episode 165 finished with return 1.0000 over 500 steps success=0
Eval episode 166 finished with return 1.0000 over 500 steps success=0
Eval episode 167 finished with return 1.0000 over 500 steps success=0
Eval episode 168 finished with return 1.0000 over 500 steps success=0
Eval episode 169 finished with return 1.0000 over 500 steps success=0
Eval episode 170 finished with return 1.0000 over 500 steps success=0
Eval episode 171 finished with return 1.0000 over 500 steps success=0
Eval episode 172 finished with return 1.0000 over 500 steps success=0
Eval episode 173 finished with return 1.0000 over 500 steps success=0
Eval episode 174 finished with return 1.0000 over 500 steps success=0
Eval episode 175 finished with return 1.0000 over 500 steps success=0
Eval episode 176 finished with return 1.0000 over 500 steps success=0
Eval episode 177 finished with return 1.0000 over 500 steps success=0
Eval episode 178 finished with return 1.0000 over 500 steps success=0
Eval episode 179 finished with return 1.0000 over 500 steps success=0
Eval episode 180 finished with return 1.0000 over 500 steps success=0
Eval episode 181 finished with return 1.0000 over 500 steps success=0
Eval episode 182 finished with return 1.0000 over 500 steps success=0
Eval episode 183 finished with return 1.0000 over 500 steps success=0
Eval episode 184 finished with return 1.0000 over 500 steps success=0
Eval episode 185 finished with return 1.0000 over 500 steps success=0
Eval episode 186 finished with return 1.0000 over 500 steps success=0
Eval episode 187 finished with return 1.0000 over 500 steps success=0
Eval episode 188 finished with return 1.0000 over 500 steps success=0
Eval episode 189 finished with return 1.0000 over 500 steps success=0
Eval episode 190 finished with return 1.0000 over 500 steps success=0
Eval episode 191 finished with return 1.0000 over 500 steps success=0
Eval episode 192 finished with return 1.0000 over 500 steps success=0
Eval episode 193 finished with return 1.0000 over 500 steps success=0
Eval episode 194 finished with return 1.0000 over 500 steps success=0
Eval episode 195 finished with return 1.0000 over 500 steps success=0
Eval episode 196 finished with return 1.0000 over 500 steps success=0
Eval episode 197 finished with return 1.0000 over 500 steps success=0
Eval episode 198 finished with return 1.0000 over 500 steps success=0
Eval episode 199 finished with return 1.0000 over 500 steps success=0
Eval episode 200 finished with return 1.0000 over 500 steps success=0
Eval episode 201 finished with return 1.0000 over 500 steps success=0
Eval episode 202 finished with return 1.0000 over 500 steps success=0
Eval episode 203 finished with return 1.0000 over 500 steps success=0
Eval episode 204 finished with return 1.0000 over 500 steps success=0
Eval episode 205 finished with return 1.0000 over 500 steps success=0
Eval episode 206 finished with return 1.0000 over 500 steps success=0
Eval episode 207 finished with return 1.0000 over 500 steps success=0
Eval episode 208 finished with return 1.0000 over 500 steps success=0
Eval episode 209 finished with return 1.0000 over 500 steps success=0
Eval episode 210 finished with return 1.0000 over 500 steps success=0
Eval episode 211 finished with return 1.0000 over 500 steps success=0
Eval episode 212 finished with return 1.0000 over 500 steps success=0
Eval episode 213 finished with return 1.0000 over 500 steps success=0
Eval episode 214 finished with return 1.0000 over 500 steps success=0
Eval episode 215 finished with return 1.0000 over 500 steps success=0
Eval episode 216 finished with return 1.0000 over 500 steps success=0
Eval episode 217 finished with return 1.0000 over 500 steps success=0
Eval episode 218 finished with return 1.0000 over 500 steps success=0
Eval episode 219 finished with return 1.0000 over 500 steps success=0
Eval episode 220 finished with return 1.0000 over 500 steps success=0
Eval episode 221 finished with return 1.0000 over 500 steps success=0
Eval episode 222 finished with return 1.0000 over 500 steps success=0
Eval episode 223 finished with return 1.0000 over 500 steps success=0
Eval episode 224 finished with return 1.0000 over 500 steps success=0
Eval episode 225 finished with return 1.0000 over 500 steps success=0
Eval episode 226 finished with return 1.0000 over 500 steps success=0
Eval episode 227 finished with return 1.0000 over 500 steps success=0
Eval episode 228 finished with return 1.0000 over 500 steps success=0
Eval episode 229 finished with return 1.0000 over 500 steps success=0
Eval episode 230 finished with return 1.0000 over 500 steps success=0
Eval episode 231 finished with return 1.0000 over 500 steps success=0
Eval episode 232 finished with return 1.0000 over 500 steps success=0
Eval episode 233 finished with return 1.0000 over 500 steps success=0
Eval episode 234 finished with return 1.0000 over 500 steps success=0
Eval episode 235 finished with return 1.0000 over 500 steps success=0
Eval episode 236 finished with return 1.0000 over 500 steps success=0
Eval episode 237 finished with return 1.0000 over 500 steps success=0
Eval episode 238 finished with return 1.0000 over 500 steps success=0
Eval episode 239 finished with return 1.0000 over 500 steps success=0
Eval episode 240 finished with return 1.0000 over 500 steps success=0
Eval episode 241 finished with return 1.0000 over 500 steps success=0
Eval episode 242 finished with return 1.0000 over 500 steps success=0
Eval episode 243 finished with return 1.0000 over 500 steps success=0
Eval episode 244 finished with return 1.0000 over 500 steps success=0
Eval episode 245 finished with return 1.0000 over 500 steps success=0
Eval episode 246 finished with return 1.0000 over 500 steps success=0
Eval episode 247 finished with return 1.0000 over 500 steps success=0
Eval episode 248 finished with return 1.0000 over 500 steps success=0
Eval episode 249 finished with return 1.0000 over 500 steps success=0
Eval episode 250 finished with return 1.0000 over 500 steps success=0
Eval episode 251 finished with return 1.0000 over 500 steps success=0
Eval episode 252 finished with return 1.0000 over 500 steps success=0
Eval episode 253 finished with return 1.0000 over 500 steps success=0
Eval episode 254 finished with return 1.0000 over 500 steps success=0
Eval episode 255 finished with return 1.0000 over 500 steps success=0
Eval episode 256 finished with return 1.0000 over 500 steps success=0
Eval episode 257 finished with return 1.0000 over 500 steps success=0
Eval episode 258 finished with return 1.0000 over 500 steps success=0
Eval episode 259 finished with return 1.0000 over 500 steps success=0
Eval episode 260 finished with return 1.0000 over 500 steps success=0
Eval episode 261 finished with return 1.0000 over 500 steps success=0
Eval episode 262 finished with return 1.0000 over 500 steps success=0
Eval episode 263 finished with return 1.0000 over 500 steps success=0
Eval episode 264 finished with return 1.0000 over 500 steps success=0
Eval episode 265 finished with return 1.0000 over 500 steps success=0
Eval episode 266 finished with return 1.0000 over 500 steps success=0
Eval episode 267 finished with return 1.0000 over 500 steps success=0
Eval episode 268 finished with return 1.0000 over 500 steps success=0
Eval episode 269 finished with return 1.0000 over 500 steps success=0
Eval episode 270 finished with return 1.0000 over 500 steps success=0
Eval episode 271 finished with return 1.0000 over 500 steps success=0
Eval episode 272 finished with return 1.0000 over 500 steps success=0
Eval episode 273 finished with return 1.0000 over 500 steps success=0
Eval episode 274 finished with return 1.0000 over 500 steps success=0
Eval episode 275 finished with return 1.0000 over 500 steps success=0
Eval episode 276 finished with return 1.0000 over 500 steps success=0
Eval episode 277 finished with return 1.0000 over 500 steps success=0
Eval episode 278 finished with return 1.0000 over 500 steps success=0
Eval episode 279 finished with return 1.0000 over 500 steps success=0
Eval episode 280 finished with return 1.0000 over 500 steps success=0
Eval episode 281 finished with return 1.0000 over 500 steps success=0
Eval episode 282 finished with return 1.0000 over 500 steps success=0
Eval episode 283 finished with return 1.0000 over 500 steps success=0
Eval episode 284 finished with return 1.0000 over 500 steps success=0
Eval episode 285 finished with return 1.0000 over 500 steps success=0
Eval episode 286 finished with return 1.0000 over 500 steps success=0
Eval episode 287 finished with return 1.0000 over 500 steps success=0
Eval episode 288 finished with return 1.0000 over 500 steps success=0
Eval episode 289 finished with return 1.0000 over 500 steps success=0
Eval episode 290 finished with return 1.0000 over 500 steps success=0
Eval episode 291 finished with return 1.0000 over 500 steps success=0
Eval episode 292 finished with return 1.0000 over 500 steps success=0
Eval episode 293 finished with return 1.0000 over 500 steps success=0
Eval episode 294 finished with return 1.0000 over 500 steps success=0
Eval episode 295 finished with return 1.0000 over 500 steps success=0
Eval episode 296 finished with return 1.0000 over 500 steps success=0
Eval episode 297 finished with return 1.0000 over 500 steps success=0
Eval episode 298 finished with return 1.0000 over 500 steps success=0
Eval episode 299 finished with return 1.0000 over 500 steps success=0
Eval episode 300 finished with return 1.0000 over 500 steps success=0
Eval episode 301 finished with return 1.0000 over 500 steps success=0
Eval episode 302 finished with return 1.0000 over 500 steps success=0
Eval episode 303 finished with return 1.0000 over 500 steps success=0
Eval episode 304 finished with return 1.0000 over 500 steps success=0
Eval episode 305 finished with return 1.0000 over 500 steps success=0
Eval episode 306 finished with return 1.0000 over 500 steps success=0
Eval episode 307 finished with return 1.0000 over 500 steps success=0
Eval episode 308 finished with return 1.0000 over 500 steps success=0
Eval episode 309 finished with return 1.0000 over 500 steps success=0
Eval episode 310 finished with return 1.0000 over 500 steps success=0
Eval episode 311 finished with return 1.0000 over 500 steps success=0
Eval episode 312 finished with return 1.0000 over 500 steps success=0
Eval episode 313 finished with return 1.0000 over 500 steps success=0
Eval episode 314 finished with return 1.0000 over 500 steps success=0
Eval episode 315 finished with return 1.0000 over 500 steps success=0
Eval episode 316 finished with return 1.0000 over 500 steps success=0
Eval episode 317 finished with return 1.0000 over 500 steps success=0
Eval episode 318 finished with return 1.0000 over 500 steps success=0
Eval episode 319 finished with return 1.0000 over 500 steps success=0
Eval episode 320 finished with return 1.0000 over 500 steps success=0
Eval episode 321 finished with return 1.0000 over 500 steps success=0
Eval episode 322 finished with return 1.0000 over 500 steps success=0
Eval episode 323 finished with return 1.0000 over 500 steps success=0
Eval episode 324 finished with return 1.0000 over 500 steps success=0
Eval episode 325 finished with return 1.0000 over 500 steps success=0
Eval episode 326 finished with return 1.0000 over 500 steps success=0
Eval episode 327 finished with return 1.0000 over 500 steps success=0
Eval episode 328 finished with return 1.0000 over 500 steps success=0
Eval episode 329 finished with return 1.0000 over 500 steps success=0
Eval episode 330 finished with return 1.0000 over 500 steps success=0
Eval episode 331 finished with return 1.0000 over 500 steps success=0
Eval episode 332 finished with return 1.0000 over 500 steps success=0
Eval episode 333 finished with return 1.0000 over 500 steps success=0
Eval episode 334 finished with return 1.0000 over 500 steps success=0
Eval episode 335 finished with return 1.0000 over 500 steps success=0
Eval episode 336 finished with return 1.0000 over 500 steps success=0
Eval episode 337 finished with return 1.0000 over 500 steps success=0
Eval episode 338 finished with return 1.0000 over 500 steps success=0
Eval episode 339 finished with return 1.0000 over 500 steps success=0
Eval episode 340 finished with return 1.0000 over 500 steps success=0
Eval episode 341 finished with return 1.0000 over 500 steps success=0
Eval episode 342 finished with return 1.0000 over 500 steps success=0
Eval episode 343 finished with return 1.0000 over 500 steps success=0
Eval episode 344 finished with return 1.0000 over 500 steps success=0
Eval episode 345 finished with return 1.0000 over 500 steps success=0
Eval episode 346 finished with return 1.0000 over 500 steps success=0
Eval episode 347 finished with return 1.0000 over 500 steps success=0
Eval episode 348 finished with return 1.0000 over 500 steps success=0
Eval episode 349 finished with return 1.0000 over 500 steps success=0
Eval episode 350 finished with return 1.0000 over 500 steps success=0
Eval episode 351 finished with return 1.0000 over 500 steps success=0
Eval episode 352 finished with return 1.0000 over 500 steps success=0
Eval episode 353 finished with return 1.0000 over 500 steps success=0
Eval episode 354 finished with return 1.0000 over 500 steps success=0
Eval episode 355 finished with return 1.0000 over 500 steps success=0
Eval episode 356 finished with return 1.0000 over 500 steps success=0
Eval episode 357 finished with return 1.0000 over 500 steps success=0
Eval episode 358 finished with return 1.0000 over 500 steps success=0
Eval episode 359 finished with return 1.0000 over 500 steps success=0
Eval episode 360 finished with return 1.0000 over 500 steps success=0
Eval episode 361 finished with return 1.0000 over 500 steps success=0
Eval episode 362 finished with return 1.0000 over 500 steps success=0
Eval episode 363 finished with return 1.0000 over 500 steps success=0
Eval episode 364 finished with return 1.0000 over 500 steps success=0
Eval episode 365 finished with return 1.0000 over 500 steps success=0
Eval episode 366 finished with return 1.0000 over 500 steps success=0
Eval episode 367 finished with return 1.0000 over 500 steps success=0
Eval episode 368 finished with return 1.0000 over 500 steps success=0
Eval episode 369 finished with return 1.0000 over 500 steps success=0
Eval episode 370 finished with return 1.0000 over 500 steps success=0
Eval episode 371 finished with return 1.0000 over 500 steps success=0
Eval episode 372 finished with return 1.0000 over 500 steps success=0
Eval episode 373 finished with return 1.0000 over 500 steps success=0
Eval episode 374 finished with return 1.0000 over 500 steps success=0
Eval episode 375 finished with return 1.0000 over 500 steps success=0
Eval episode 376 finished with return 1.0000 over 500 steps success=0
Eval episode 377 finished with return 1.0000 over 500 steps success=0
Eval episode 378 finished with return 1.0000 over 500 steps success=0
Eval episode 379 finished with return 1.0000 over 500 steps success=0
Eval episode 380 finished with return 1.0000 over 500 steps success=0
Eval episode 381 finished with return 1.0000 over 500 steps success=0
Eval episode 382 finished with return 1.0000 over 500 steps success=0
Eval episode 383 finished with return 1.0000 over 500 steps success=0
Eval episode 384 finished with return 1.0000 over 500 steps success=0
Eval episode 385 finished with return 1.0000 over 500 steps success=0
Eval episode 386 finished with return 1.0000 over 500 steps success=0
Eval episode 387 finished with return 1.0000 over 500 steps success=0
Eval episode 388 finished with return 1.0000 over 500 steps success=0
Eval episode 389 finished with return 1.0000 over 500 steps success=0
Eval episode 390 finished with return 1.0000 over 500 steps success=0
Eval episode 391 finished with return 1.0000 over 500 steps success=0
Eval episode 392 finished with return 1.0000 over 500 steps success=0
Eval episode 393 finished with return 1.0000 over 500 steps success=0
Eval episode 394 finished with return 1.0000 over 500 steps success=0
Eval episode 395 finished with return 1.0000 over 500 steps success=0
Eval episode 396 finished with return 1.0000 over 500 steps success=0
Eval episode 397 finished with return 1.0000 over 500 steps success=0
Eval episode 398 finished with return 1.0000 over 500 steps success=0
Eval episode 399 finished with return 1.0000 over 500 steps success=0
Eval episode 400 finished with return 1.0000 over 500 steps success=0
Eval episode 401 finished with return 1.0000 over 500 steps success=0
Eval episode 402 finished with return 1.0000 over 500 steps success=0
Eval episode 403 finished with return 1.0000 over 500 steps success=0
Eval episode 404 finished with return 1.0000 over 500 steps success=0
Eval episode 405 finished with return 1.0000 over 500 steps success=0
Eval episode 406 finished with return 1.0000 over 500 steps success=0
Eval episode 407 finished with return 1.0000 over 500 steps success=0
Eval episode 408 finished with return 1.0000 over 500 steps success=0
Eval episode 409 finished with return 1.0000 over 500 steps success=0
Eval episode 410 finished with return 1.0000 over 500 steps success=0
Eval episode 411 finished with return 1.0000 over 500 steps success=0
Eval episode 412 finished with return 1.0000 over 500 steps success=0
Eval episode 413 finished with return 1.0000 over 500 steps success=0
Eval episode 414 finished with return 1.0000 over 500 steps success=0
Eval episode 415 finished with return 1.0000 over 500 steps success=0
Eval episode 416 finished with return 1.0000 over 500 steps success=0
Eval episode 417 finished with return 1.0000 over 500 steps success=0
Eval episode 418 finished with return 1.0000 over 500 steps success=0
Eval episode 419 finished with return 1.0000 over 500 steps success=0
Eval episode 420 finished with return 1.0000 over 500 steps success=0
Eval episode 421 finished with return 1.0000 over 500 steps success=0
Eval episode 422 finished with return 1.0000 over 500 steps success=0
Eval episode 423 finished with return 1.0000 over 500 steps success=0
Eval episode 424 finished with return 1.0000 over 500 steps success=0
Eval episode 425 finished with return 1.0000 over 500 steps success=0
Eval episode 426 finished with return 1.0000 over 500 steps success=0
Eval episode 427 finished with return 1.0000 over 500 steps success=0
Eval episode 428 finished with return 1.0000 over 500 steps success=0
Eval episode 429 finished with return 1.0000 over 500 steps success=0
Eval episode 430 finished with return 1.0000 over 500 steps success=0
Eval episode 431 finished with return 1.0000 over 500 steps success=0
Eval episode 432 finished with return 1.0000 over 500 steps success=0
Eval episode 433 finished with return 1.0000 over 500 steps success=0
Eval episode 434 finished with return 1.0000 over 500 steps success=0
Eval episode 435 finished with return 1.0000 over 500 steps success=0
Eval episode 436 finished with return 1.0000 over 500 steps success=0
Eval episode 437 finished with return 1.0000 over 500 steps success=0
Eval episode 438 finished with return 1.0000 over 500 steps success=0
Eval episode 439 finished with return 1.0000 over 500 steps success=0
Eval episode 440 finished with return 1.0000 over 500 steps success=0
Eval episode 441 finished with return 1.0000 over 500 steps success=0
Eval episode 442 finished with return 1.0000 over 500 steps success=0
Eval episode 443 finished with return 1.0000 over 500 steps success=0
Eval episode 444 finished with return 1.0000 over 500 steps success=0
Eval episode 445 finished with return 1.0000 over 500 steps success=0
Eval episode 446 finished with return 1.0000 over 500 steps success=0
Eval episode 447 finished with return 1.0000 over 500 steps success=0
Eval episode 448 finished with return 1.0000 over 500 steps success=0
Eval episode 449 finished with return 1.0000 over 500 steps success=0
Eval episode 450 finished with return 1.0000 over 500 steps success=0
Eval episode 451 finished with return 1.0000 over 500 steps success=0
Eval episode 452 finished with return 1.0000 over 500 steps success=0
Eval episode 453 finished with return 1.0000 over 500 steps success=0
Eval episode 454 finished with return 1.0000 over 500 steps success=0
Eval episode 455 finished with return 1.0000 over 500 steps success=0
Eval episode 456 finished with return 1.0000 over 500 steps success=0
Eval episode 457 finished with return 1.0000 over 500 steps success=0
Eval episode 458 finished with return 1.0000 over 500 steps success=0
Eval episode 459 finished with return 1.0000 over 500 steps success=0
Eval episode 460 finished with return 1.0000 over 500 steps success=0
Eval episode 461 finished with return 1.0000 over 500 steps success=0
Eval episode 462 finished with return 1.0000 over 500 steps success=0
Eval episode 463 finished with return 1.0000 over 500 steps success=0
Eval episode 464 finished with return 1.0000 over 500 steps success=0
Eval episode 465 finished with return 1.0000 over 500 steps success=0
Eval episode 466 finished with return 1.0000 over 500 steps success=0
Eval episode 467 finished with return 1.0000 over 500 steps success=0
Eval episode 468 finished with return 1.0000 over 500 steps success=0
Eval episode 469 finished with return 1.0000 over 500 steps success=0
Eval episode 470 finished with return 1.0000 over 500 steps success=0
Eval episode 471 finished with return 1.0000 over 500 steps success=0
Eval episode 472 finished with return 1.0000 over 500 steps success=0
Eval episode 473 finished with return 1.0000 over 500 steps success=0
Eval episode 474 finished with return 1.0000 over 500 steps success=0
Eval episode 475 finished with return 1.0000 over 500 steps success=0
Eval episode 476 finished with return 1.0000 over 500 steps success=0
Eval episode 477 finished with return 1.0000 over 500 steps success=0
Eval episode 478 finished with return 1.0000 over 500 steps success=0
Eval episode 479 finished with return 1.0000 over 500 steps success=0
Eval episode 480 finished with return 1.0000 over 500 steps success=0
Eval episode 481 finished with return 1.0000 over 500 steps success=0
Eval episode 482 finished with return 1.0000 over 500 steps success=0
Eval episode 483 finished with return 1.0000 over 500 steps success=0
Eval episode 484 finished with return 1.0000 over 500 steps success=0
Eval episode 485 finished with return 1.0000 over 500 steps success=0
Eval episode 486 finished with return 1.0000 over 500 steps success=0
Eval episode 487 finished with return 1.0000 over 500 steps success=0
Eval episode 488 finished with return 1.0000 over 500 steps success=0
Eval episode 489 finished with return 1.0000 over 500 steps success=0
Eval episode 490 finished with return 1.0000 over 500 steps success=0
Eval episode 491 finished with return 1.0000 over 500 steps success=0
Eval episode 492 finished with return 1.0000 over 500 steps success=0
Eval episode 493 finished with return 1.0000 over 500 steps success=0
Eval episode 494 finished with return 1.0000 over 500 steps success=0
Eval episode 495 finished with return 1.0000 over 500 steps success=0
Eval episode 496 finished with return 1.0000 over 500 steps success=0
Eval episode 497 finished with return 1.0000 over 500 steps success=0
Eval episode 498 finished with return 1.0000 over 500 steps success=0
Eval episode 499 finished with return 1.0000 over 500 steps success=0
Eval episode 500 finished with return 1.0000 over 500 steps success=0
Eval episode 501 finished with return 1.0000 over 500 steps success=0
Eval episode 502 finished with return 1.0000 over 500 steps success=0
Eval episode 503 finished with return 1.0000 over 500 steps success=0
Eval episode 504 finished with return 1.0000 over 500 steps success=0
Eval episode 505 finished with return 1.0000 over 500 steps success=0
Eval episode 506 finished with return 1.0000 over 500 steps success=0
Eval episode 507 finished with return 1.0000 over 500 steps success=0
Eval episode 508 finished with return 1.0000 over 500 steps success=0
Eval episode 509 finished with return 1.0000 over 500 steps success=0
Eval episode 510 finished with return 1.0000 over 500 steps success=0
Eval episode 511 finished with return 1.0000 over 500 steps success=0
Eval episode 512 finished with return 1.0000 over 500 steps success=0
Eval episode 513 finished with return 1.0000 over 500 steps success=0
Eval episode 514 finished with return 1.0000 over 500 steps success=0
Eval episode 515 finished with return 1.0000 over 500 steps success=0
Eval episode 516 finished with return 1.0000 over 500 steps success=0
Eval episode 517 finished with return 1.0000 over 500 steps success=0
Eval episode 518 finished with return 1.0000 over 500 steps success=0
Eval episode 519 finished with return 1.0000 over 500 steps success=0
Eval episode 520 finished with return 1.0000 over 500 steps success=0
Eval episode 521 finished with return 1.0000 over 500 steps success=0
Eval episode 522 finished with return 1.0000 over 500 steps success=0
Eval episode 523 finished with return 1.0000 over 500 steps success=0
Eval episode 524 finished with return 1.0000 over 500 steps success=0
Eval episode 525 finished with return 1.0000 over 500 steps success=0
Eval episode 526 finished with return 1.0000 over 500 steps success=0
Eval episode 527 finished with return 1.0000 over 500 steps success=0
Eval episode 528 finished with return 1.0000 over 500 steps success=0
Eval episode 529 finished with return 1.0000 over 500 steps success=0
Eval episode 530 finished with return 1.0000 over 500 steps success=0
Eval episode 531 finished with return 1.0000 over 500 steps success=0
Eval episode 532 finished with return 1.0000 over 500 steps success=0
Eval episode 533 finished with return 1.0000 over 500 steps success=0
Eval episode 534 finished with return 1.0000 over 500 steps success=0
Eval episode 535 finished with return 1.0000 over 500 steps success=0
Eval episode 536 finished with return 1.0000 over 500 steps success=0
Eval episode 537 finished with return 1.0000 over 500 steps success=0
Eval episode 538 finished with return 1.0000 over 500 steps success=0
Eval episode 539 finished with return 1.0000 over 500 steps success=0
Eval episode 540 finished with return 1.0000 over 500 steps success=0
Eval episode 541 finished with return 1.0000 over 500 steps success=0
Eval episode 542 finished with return 1.0000 over 500 steps success=0
Eval episode 543 finished with return 1.0000 over 500 steps success=0
Eval episode 544 finished with return 1.0000 over 500 steps success=0
Eval episode 545 finished with return 1.0000 over 500 steps success=0
Eval episode 546 finished with return 1.0000 over 500 steps success=0
Eval episode 547 finished with return 1.0000 over 500 steps success=0
Eval episode 548 finished with return 1.0000 over 500 steps success=0
Eval episode 549 finished with return 1.0000 over 500 steps success=0
Eval episode 550 finished with return 1.0000 over 500 steps success=0
Eval episode 551 finished with return 1.0000 over 500 steps success=0
Eval episode 552 finished with return 1.0000 over 500 steps success=0
Eval episode 553 finished with return 1.0000 over 500 steps success=0
Eval episode 554 finished with return 1.0000 over 500 steps success=0
Eval episode 555 finished with return 1.0000 over 500 steps success=0
Eval episode 556 finished with return 1.0000 over 500 steps success=0
Eval episode 557 finished with return 1.0000 over 500 steps success=0
Eval episode 558 finished with return 1.0000 over 500 steps success=0
Eval episode 559 finished with return 1.0000 over 500 steps success=0
Eval episode 560 finished with return 1.0000 over 500 steps success=0
Eval episode 561 finished with return 1.0000 over 500 steps success=0
Eval episode 562 finished with return 1.0000 over 500 steps success=0
Eval episode 563 finished with return 1.0000 over 500 steps success=0
Eval episode 564 finished with return 1.0000 over 500 steps success=0
Eval episode 565 finished with return 1.0000 over 500 steps success=0
Eval episode 566 finished with return 1.0000 over 500 steps success=0
Eval episode 567 finished with return 1.0000 over 500 steps success=0
Eval episode 568 finished with return 1.0000 over 500 steps success=0
Eval episode 569 finished with return 1.0000 over 500 steps success=0
Eval episode 570 finished with return 1.0000 over 500 steps success=0
Eval episode 571 finished with return 1.0000 over 500 steps success=0
Eval episode 572 finished with return 1.0000 over 500 steps success=0
Eval episode 573 finished with return 1.0000 over 500 steps success=0
Eval episode 574 finished with return 1.0000 over 500 steps success=0
Eval episode 575 finished with return 1.0000 over 500 steps success=0
Eval episode 576 finished with return 1.0000 over 500 steps success=0
Eval episode 577 finished with return 1.0000 over 500 steps success=0
Eval episode 578 finished with return 1.0000 over 500 steps success=0
Eval episode 579 finished with return 1.0000 over 500 steps success=0
Eval episode 580 finished with return 1.0000 over 500 steps success=0
Eval episode 581 finished with return 1.0000 over 500 steps success=0
Eval episode 582 finished with return 1.0000 over 500 steps success=0
Eval episode 583 finished with return 1.0000 over 500 steps success=0
Eval episode 584 finished with return 1.0000 over 500 steps success=0
Eval episode 585 finished with return 1.0000 over 500 steps success=0
Eval episode 586 finished with return 1.0000 over 500 steps success=0
Eval episode 587 finished with return 1.0000 over 500 steps success=0
Eval episode 588 finished with return 1.0000 over 500 steps success=0
Eval episode 589 finished with return 1.0000 over 500 steps success=0
Eval episode 590 finished with return 1.0000 over 500 steps success=0
Eval episode 591 finished with return 1.0000 over 500 steps success=0
Eval episode 592 finished with return 1.0000 over 500 steps success=0
Eval episode 593 finished with return 1.0000 over 500 steps success=0
Eval episode 594 finished with return 1.0000 over 500 steps success=0
Eval episode 595 finished with return 1.0000 over 500 steps success=0
Eval episode 596 finished with return 1.0000 over 500 steps success=0
Eval episode 597 finished with return 1.0000 over 500 steps success=0
Eval episode 598 finished with return 1.0000 over 500 steps success=0
Eval episode 599 finished with return 1.0000 over 500 steps success=0
Eval episode 600 finished with return 1.0000 over 500 steps success=0
Eval episode 601 finished with return 1.0000 over 500 steps success=0
Eval episode 602 finished with return 1.0000 over 500 steps success=0
Eval episode 603 finished with return 1.0000 over 500 steps success=0
Eval episode 604 finished with return 1.0000 over 500 steps success=0
Eval episode 605 finished with return 1.0000 over 500 steps success=0
Eval episode 606 finished with return 1.0000 over 500 steps success=0
Eval episode 607 finished with return 1.0000 over 500 steps success=0
Eval episode 608 finished with return 1.0000 over 500 steps success=0
Eval episode 609 finished with return 1.0000 over 500 steps success=0
Eval episode 610 finished with return 1.0000 over 500 steps success=0
Eval episode 611 finished with return 1.0000 over 500 steps success=0
Eval episode 612 finished with return 1.0000 over 500 steps success=0
Eval episode 613 finished with return 1.0000 over 500 steps success=0
Eval episode 614 finished with return 1.0000 over 500 steps success=0
Eval episode 615 finished with return 1.0000 over 500 steps success=0
Eval episode 616 finished with return 1.0000 over 500 steps success=0
Eval episode 617 finished with return 1.0000 over 500 steps success=0
Eval episode 618 finished with return 1.0000 over 500 steps success=0
Eval episode 619 finished with return 1.0000 over 500 steps success=0
Eval episode 620 finished with return 1.0000 over 500 steps success=0
Eval episode 621 finished with return 1.0000 over 500 steps success=0
Eval episode 622 finished with return 1.0000 over 500 steps success=0
Eval episode 623 finished with return 1.0000 over 500 steps success=0
Eval episode 624 finished with return 1.0000 over 500 steps success=0
Eval episode 625 finished with return 1.0000 over 500 steps success=0
Eval episode 626 finished with return 1.0000 over 500 steps success=0
Eval episode 627 finished with return 1.0000 over 500 steps success=0
Eval episode 628 finished with return 1.0000 over 500 steps success=0
Eval episode 629 finished with return 1.0000 over 500 steps success=0
Eval episode 630 finished with return 1.0000 over 500 steps success=0
Eval episode 631 finished with return 1.0000 over 500 steps success=0
Eval episode 632 finished with return 1.0000 over 500 steps success=0
Eval episode 633 finished with return 1.0000 over 500 steps success=0
Eval episode 634 finished with return 1.0000 over 500 steps success=0
Eval episode 635 finished with return 1.0000 over 500 steps success=0
Eval episode 636 finished with return 1.0000 over 500 steps success=0
Eval episode 637 finished with return 1.0000 over 500 steps success=0
Eval episode 638 finished with return 1.0000 over 500 steps success=0
Eval episode 639 finished with return 1.0000 over 500 steps success=0
Eval episode 640 finished with return 1.0000 over 500 steps success=0
Eval episode 641 finished with return 1.0000 over 500 steps success=0
Eval episode 642 finished with return 1.0000 over 500 steps success=0
Eval episode 643 finished with return 1.0000 over 500 steps success=0
Eval episode 644 finished with return 1.0000 over 500 steps success=0
Eval episode 645 finished with return 1.0000 over 500 steps success=0
Eval episode 646 finished with return 1.0000 over 500 steps success=0
Eval episode 647 finished with return 1.0000 over 500 steps success=0
Eval episode 648 finished with return 1.0000 over 500 steps success=0
Eval episode 649 finished with return 1.0000 over 500 steps success=0
Eval episode 650 finished with return 1.0000 over 500 steps success=0
Eval episode 651 finished with return 1.0000 over 500 steps success=0
Eval episode 652 finished with return 1.0000 over 500 steps success=0
Eval episode 653 finished with return 1.0000 over 500 steps success=0
Eval episode 654 finished with return 1.0000 over 500 steps success=0
Eval episode 655 finished with return 1.0000 over 500 steps success=0
Eval episode 656 finished with return 1.0000 over 500 steps success=0
Eval episode 657 finished with return 1.0000 over 500 steps success=0
Eval episode 658 finished with return 1.0000 over 500 steps success=0
Eval episode 659 finished with return 1.0000 over 500 steps success=0
Eval episode 660 finished with return 1.0000 over 500 steps success=0
Eval episode 661 finished with return 1.0000 over 500 steps success=0
Eval episode 662 finished with return 1.0000 over 500 steps success=0
Eval episode 663 finished with return 1.0000 over 500 steps success=0
Eval episode 664 finished with return 1.0000 over 500 steps success=0
Eval episode 665 finished with return 1.0000 over 500 steps success=0
Eval episode 666 finished with return 1.0000 over 500 steps success=0
Eval episode 667 finished with return 1.0000 over 500 steps success=0
Eval episode 668 finished with return 1.0000 over 500 steps success=0
Eval episode 669 finished with return 1.0000 over 500 steps success=0
Eval episode 670 finished with return 1.0000 over 500 steps success=0
Eval episode 671 finished with return 1.0000 over 500 steps success=0
Eval episode 672 finished with return 1.0000 over 500 steps success=0
Eval episode 673 finished with return 1.0000 over 500 steps success=0
Eval episode 674 finished with return 1.0000 over 500 steps success=0
Eval episode 675 finished with return 1.0000 over 500 steps success=0
Eval episode 676 finished with return 1.0000 over 500 steps success=0
Eval episode 677 finished with return 1.0000 over 500 steps success=0
Eval episode 678 finished with return 1.0000 over 500 steps success=0
Eval episode 679 finished with return 1.0000 over 500 steps success=0
Eval episode 680 finished with return 1.0000 over 500 steps success=0
Eval episode 681 finished with return 1.0000 over 500 steps success=0
Eval episode 682 finished with return 1.0000 over 500 steps success=0
Eval episode 683 finished with return 1.0000 over 500 steps success=0
Eval episode 684 finished with return 1.0000 over 500 steps success=0
Eval episode 685 finished with return 1.0000 over 500 steps success=0
Eval episode 686 finished with return 1.0000 over 500 steps success=0
Eval episode 687 finished with return 1.0000 over 500 steps success=0
Eval episode 688 finished with return 1.0000 over 500 steps success=0
Eval episode 689 finished with return 1.0000 over 500 steps success=0
Eval episode 690 finished with return 1.0000 over 500 steps success=0
Eval episode 691 finished with return 1.0000 over 500 steps success=0
Eval episode 692 finished with return 1.0000 over 500 steps success=0
Eval episode 693 finished with return 1.0000 over 500 steps success=0
Eval episode 694 finished with return 1.0000 over 500 steps success=0
Eval episode 695 finished with return 1.0000 over 500 steps success=0
Eval episode 696 finished with return 1.0000 over 500 steps success=0
Eval episode 697 finished with return 1.0000 over 500 steps success=0
Eval episode 698 finished with return 1.0000 over 500 steps success=0
Eval episode 699 finished with return 1.0000 over 500 steps success=0
Eval episode 700 finished with return 1.0000 over 500 steps success=0
Eval episode 701 finished with return 1.0000 over 500 steps success=0
Eval episode 702 finished with return 1.0000 over 500 steps success=0
Eval episode 703 finished with return 1.0000 over 500 steps success=0
Eval episode 704 finished with return 1.0000 over 500 steps success=0
Eval episode 705 finished with return 1.0000 over 500 steps success=0
Eval episode 706 finished with return 1.0000 over 500 steps success=0
Eval episode 707 finished with return 1.0000 over 500 steps success=0
Eval episode 708 finished with return 1.0000 over 500 steps success=0
Eval episode 709 finished with return 1.0000 over 500 steps success=0
Eval episode 710 finished with return 1.0000 over 500 steps success=0
Eval episode 711 finished with return 1.0000 over 500 steps success=0
Eval episode 712 finished with return 1.0000 over 500 steps success=0
Eval episode 713 finished with return 1.0000 over 500 steps success=0
Eval episode 714 finished with return 1.0000 over 500 steps success=0
Eval episode 715 finished with return 1.0000 over 500 steps success=0
Eval episode 716 finished with return 1.0000 over 500 steps success=0
Eval episode 717 finished with return 1.0000 over 500 steps success=0
Eval episode 718 finished with return 1.0000 over 500 steps success=0
Eval episode 719 finished with return 1.0000 over 500 steps success=0
Eval episode 720 finished with return 1.0000 over 500 steps success=0
Eval episode 721 finished with return 1.0000 over 500 steps success=0
Eval episode 722 finished with return 1.0000 over 500 steps success=0
Eval episode 723 finished with return 1.0000 over 500 steps success=0
Eval episode 724 finished with return 1.0000 over 500 steps success=0
Eval episode 725 finished with return 1.0000 over 500 steps success=0
Eval episode 726 finished with return 1.0000 over 500 steps success=0
Eval episode 727 finished with return 1.0000 over 500 steps success=0
Eval episode 728 finished with return 1.0000 over 500 steps success=0
Eval episode 729 finished with return 1.0000 over 500 steps success=0
Eval episode 730 finished with return 1.0000 over 500 steps success=0
Eval episode 731 finished with return 1.0000 over 500 steps success=0
Eval episode 732 finished with return 1.0000 over 500 steps success=0
Eval episode 733 finished with return 1.0000 over 500 steps success=0
Eval episode 734 finished with return 1.0000 over 500 steps success=0
Eval episode 735 finished with return 1.0000 over 500 steps success=0
Eval episode 736 finished with return 1.0000 over 500 steps success=0
Eval episode 737 finished with return 1.0000 over 500 steps success=0
Eval episode 738 finished with return 1.0000 over 500 steps success=0
Eval episode 739 finished with return 1.0000 over 500 steps success=0
Eval episode 740 finished with return 1.0000 over 500 steps success=0
Eval episode 741 finished with return 1.0000 over 500 steps success=0
Eval episode 742 finished with return 1.0000 over 500 steps success=0
Eval episode 743 finished with return 1.0000 over 500 steps success=0
Eval episode 744 finished with return 1.0000 over 500 steps success=0
Eval episode 745 finished with return 1.0000 over 500 steps success=0
Eval episode 746 finished with return 1.0000 over 500 steps success=0
Eval episode 747 finished with return 1.0000 over 500 steps success=0
Eval episode 748 finished with return 1.0000 over 500 steps success=0
Eval episode 749 finished with return 1.0000 over 500 steps success=0
Eval episode 750 finished with return 1.0000 over 500 steps success=0
Eval episode 751 finished with return 1.0000 over 500 steps success=0
Eval episode 752 finished with return 1.0000 over 500 steps success=0
Eval episode 753 finished with return 1.0000 over 500 steps success=0
Eval episode 754 finished with return 1.0000 over 500 steps success=0
Eval episode 755 finished with return 1.0000 over 500 steps success=0
Eval episode 756 finished with return 1.0000 over 500 steps success=0
Eval episode 757 finished with return 1.0000 over 500 steps success=0
Eval episode 758 finished with return 1.0000 over 500 steps success=0
Eval episode 759 finished with return 1.0000 over 500 steps success=0
Eval episode 760 finished with return 1.0000 over 500 steps success=0
Eval episode 761 finished with return 1.0000 over 500 steps success=0
Eval episode 762 finished with return 1.0000 over 500 steps success=0
Eval episode 763 finished with return 1.0000 over 500 steps success=0
Eval episode 764 finished with return 1.0000 over 500 steps success=0
Eval episode 765 finished with return 1.0000 over 500 steps success=0
Eval episode 766 finished with return 1.0000 over 500 steps success=0
Eval episode 767 finished with return 1.0000 over 500 steps success=0
Eval episode 768 finished with return 1.0000 over 500 steps success=0
Eval episode 769 finished with return 1.0000 over 500 steps success=0
Eval episode 770 finished with return 1.0000 over 500 steps success=0
Eval episode 771 finished with return 1.0000 over 500 steps success=0
Eval episode 772 finished with return 1.0000 over 500 steps success=0
Eval episode 773 finished with return 1.0000 over 500 steps success=0
Eval episode 774 finished with return 1.0000 over 500 steps success=0
Eval episode 775 finished with return 1.0000 over 500 steps success=0
Eval episode 776 finished with return 1.0000 over 500 steps success=0
Eval episode 777 finished with return 1.0000 over 500 steps success=0
Eval episode 778 finished with return 1.0000 over 500 steps success=0
Eval episode 779 finished with return 1.0000 over 500 steps success=0
Eval episode 780 finished with return 1.0000 over 500 steps success=0
Eval episode 781 finished with return 1.0000 over 500 steps success=0
Eval episode 782 finished with return 1.0000 over 500 steps success=0
Eval episode 783 finished with return 1.0000 over 500 steps success=0
Eval episode 784 finished with return 1.0000 over 500 steps success=0
Eval episode 785 finished with return 1.0000 over 500 steps success=0
Eval episode 786 finished with return 1.0000 over 500 steps success=0
Eval episode 787 finished with return 1.0000 over 500 steps success=0
Eval episode 788 finished with return 1.0000 over 500 steps success=0
Eval episode 789 finished with return 1.0000 over 500 steps success=0
Eval episode 790 finished with return 1.0000 over 500 steps success=0
Eval episode 791 finished with return 1.0000 over 500 steps success=0
Eval episode 792 finished with return 1.0000 over 500 steps success=0
Eval episode 793 finished with return 1.0000 over 500 steps success=0
Eval episode 794 finished with return 1.0000 over 500 steps success=0
Eval episode 795 finished with return 1.0000 over 500 steps success=0
Eval episode 796 finished with return 1.0000 over 500 steps success=0
Eval episode 797 finished with return 1.0000 over 500 steps success=0
Eval episode 798 finished with return 1.0000 over 500 steps success=0
Eval episode 799 finished with return 1.0000 over 500 steps success=0
Eval episode 800 finished with return 1.0000 over 500 steps success=0
Eval episode 801 finished with return 1.0000 over 500 steps success=0
Eval episode 802 finished with return 1.0000 over 500 steps success=0
Eval episode 803 finished with return 1.0000 over 500 steps success=0
Eval episode 804 finished with return 1.0000 over 500 steps success=0
Eval episode 805 finished with return 1.0000 over 500 steps success=0
Eval episode 806 finished with return 1.0000 over 500 steps success=0
Eval episode 807 finished with return 1.0000 over 500 steps success=0
Eval episode 808 finished with return 1.0000 over 500 steps success=0
Eval episode 809 finished with return 1.0000 over 500 steps success=0
Eval episode 810 finished with return 1.0000 over 500 steps success=0
Eval episode 811 finished with return 1.0000 over 500 steps success=0
Eval episode 812 finished with return 1.0000 over 500 steps success=0
Eval episode 813 finished with return 1.0000 over 500 steps success=0
Eval episode 814 finished with return 1.0000 over 500 steps success=0
Eval episode 815 finished with return 1.0000 over 500 steps success=0
Eval episode 816 finished with return 1.0000 over 500 steps success=0
Eval episode 817 finished with return 1.0000 over 500 steps success=0
Eval episode 818 finished with return 1.0000 over 500 steps success=0
Eval episode 819 finished with return 1.0000 over 500 steps success=0
Eval episode 820 finished with return 1.0000 over 500 steps success=0
Eval episode 821 finished with return 1.0000 over 500 steps success=0
Eval episode 822 finished with return 1.0000 over 500 steps success=0
Eval episode 823 finished with return 1.0000 over 500 steps success=0
Eval episode 824 finished with return 1.0000 over 500 steps success=0
Eval episode 825 finished with return 1.0000 over 500 steps success=0
Eval episode 826 finished with return 1.0000 over 500 steps success=0
Eval episode 827 finished with return 1.0000 over 500 steps success=0
Eval episode 828 finished with return 1.0000 over 500 steps success=0
Eval episode 829 finished with return 1.0000 over 500 steps success=0
Eval episode 830 finished with return 1.0000 over 500 steps success=0
Eval episode 831 finished with return 1.0000 over 500 steps success=0
Eval episode 832 finished with return 1.0000 over 500 steps success=0
Eval episode 833 finished with return 1.0000 over 500 steps success=0
Eval episode 834 finished with return 1.0000 over 500 steps success=0
Eval episode 835 finished with return 1.0000 over 500 steps success=0
Eval episode 836 finished with return 1.0000 over 500 steps success=0
Eval episode 837 finished with return 1.0000 over 500 steps success=0
Eval episode 838 finished with return 1.0000 over 500 steps success=0
Eval episode 839 finished with return 1.0000 over 500 steps success=0
Eval episode 840 finished with return 1.0000 over 500 steps success=0
Eval episode 841 finished with return 1.0000 over 500 steps success=0
Eval episode 842 finished with return 1.0000 over 500 steps success=0
Eval episode 843 finished with return 1.0000 over 500 steps success=0
Eval episode 844 finished with return 1.0000 over 500 steps success=0
Eval episode 845 finished with return 1.0000 over 500 steps success=0
Eval episode 846 finished with return 1.0000 over 500 steps success=0
Eval episode 847 finished with return 1.0000 over 500 steps success=0
Eval episode 848 finished with return 1.0000 over 500 steps success=0
Eval episode 849 finished with return 1.0000 over 500 steps success=0
Eval episode 850 finished with return 1.0000 over 500 steps success=0
Eval episode 851 finished with return 1.0000 over 500 steps success=0
Eval episode 852 finished with return 1.0000 over 500 steps success=0
Eval episode 853 finished with return 1.0000 over 500 steps success=0
Eval episode 854 finished with return 1.0000 over 500 steps success=0
Eval episode 855 finished with return 1.0000 over 500 steps success=0
Eval episode 856 finished with return 1.0000 over 500 steps success=0
Eval episode 857 finished with return 1.0000 over 500 steps success=0
Eval episode 858 finished with return 1.0000 over 500 steps success=0
Eval episode 859 finished with return 1.0000 over 500 steps success=0
Eval episode 860 finished with return 1.0000 over 500 steps success=0
Eval episode 861 finished with return 1.0000 over 500 steps success=0
Eval episode 862 finished with return 1.0000 over 500 steps success=0
Eval episode 863 finished with return 1.0000 over 500 steps success=0
Eval episode 864 finished with return 1.0000 over 500 steps success=0
Eval episode 865 finished with return 1.0000 over 500 steps success=0
Eval episode 866 finished with return 1.0000 over 500 steps success=0
Eval episode 867 finished with return 1.0000 over 500 steps success=0
Eval episode 868 finished with return 1.0000 over 500 steps success=0
Eval episode 869 finished with return 1.0000 over 500 steps success=0
Eval episode 870 finished with return 1.0000 over 500 steps success=0
Eval episode 871 finished with return 1.0000 over 500 steps success=0
Eval episode 872 finished with return 1.0000 over 500 steps success=0
Eval episode 873 finished with return 1.0000 over 500 steps success=0
Eval episode 874 finished with return 1.0000 over 500 steps success=0
Eval episode 875 finished with return 1.0000 over 500 steps success=0
Eval episode 876 finished with return 1.0000 over 500 steps success=0
Eval episode 877 finished with return 1.0000 over 500 steps success=0
Eval episode 878 finished with return 1.0000 over 500 steps success=0
Eval episode 879 finished with return 1.0000 over 500 steps success=0
Eval episode 880 finished with return 1.0000 over 500 steps success=0
Eval episode 881 finished with return 1.0000 over 500 steps success=0
Eval episode 882 finished with return 1.0000 over 500 steps success=0
Eval episode 883 finished with return 1.0000 over 500 steps success=0
Eval episode 884 finished with return 1.0000 over 500 steps success=0
Eval episode 885 finished with return 1.0000 over 500 steps success=0
Eval episode 886 finished with return 1.0000 over 500 steps success=0
Eval episode 887 finished with return 1.0000 over 500 steps success=0
Eval episode 888 finished with return 1.0000 over 500 steps success=0
Eval episode 889 finished with return 1.0000 over 500 steps success=0
Eval episode 890 finished with return 1.0000 over 500 steps success=0
Eval episode 891 finished with return 1.0000 over 500 steps success=0
Eval episode 892 finished with return 1.0000 over 500 steps success=0
Eval episode 893 finished with return 1.0000 over 500 steps success=0
Eval episode 894 finished with return 1.0000 over 500 steps success=0
Eval episode 895 finished with return 1.0000 over 500 steps success=0
Eval episode 896 finished with return 1.0000 over 500 steps success=0
Eval episode 897 finished with return 1.0000 over 500 steps success=0
Eval episode 898 finished with return 1.0000 over 500 steps success=0
Eval episode 899 finished with return 1.0000 over 500 steps success=0
Eval episode 900 finished with return 1.0000 over 500 steps success=0
Eval episode 901 finished with return 1.0000 over 500 steps success=0
Eval episode 902 finished with return 1.0000 over 500 steps success=0
Eval episode 903 finished with return 1.0000 over 500 steps success=0
Eval episode 904 finished with return 1.0000 over 500 steps success=0
Eval episode 905 finished with return 1.0000 over 500 steps success=0
Eval episode 906 finished with return 1.0000 over 500 steps success=0
Eval episode 907 finished with return 1.0000 over 500 steps success=0
Eval episode 908 finished with return 1.0000 over 500 steps success=0
Eval episode 909 finished with return 1.0000 over 500 steps success=0
Eval episode 910 finished with return 1.0000 over 500 steps success=0
Eval episode 911 finished with return 1.0000 over 500 steps success=0
Eval episode 912 finished with return 1.0000 over 500 steps success=0
Eval episode 913 finished with return 1.0000 over 500 steps success=0
Eval episode 914 finished with return 1.0000 over 500 steps success=0
Eval episode 915 finished with return 1.0000 over 500 steps success=0
Eval episode 916 finished with return 1.0000 over 500 steps success=0
Eval episode 917 finished with return 1.0000 over 500 steps success=0
Eval episode 918 finished with return 1.0000 over 500 steps success=0
Eval episode 919 finished with return 1.0000 over 500 steps success=0
Eval episode 920 finished with return 1.0000 over 500 steps success=0
Eval episode 921 finished with return 1.0000 over 500 steps success=0
Eval episode 922 finished with return 1.0000 over 500 steps success=0
Eval episode 923 finished with return 1.0000 over 500 steps success=0
Eval episode 924 finished with return 1.0000 over 500 steps success=0
Eval episode 925 finished with return 1.0000 over 500 steps success=0
Eval episode 926 finished with return 1.0000 over 500 steps success=0
Eval episode 927 finished with return 1.0000 over 500 steps success=0
Eval episode 928 finished with return 1.0000 over 500 steps success=0
Eval episode 929 finished with return 1.0000 over 500 steps success=0
Eval episode 930 finished with return 1.0000 over 500 steps success=0
Eval episode 931 finished with return 1.0000 over 500 steps success=0
Eval episode 932 finished with return 1.0000 over 500 steps success=0
Eval episode 933 finished with return 1.0000 over 500 steps success=0
Eval episode 934 finished with return 1.0000 over 500 steps success=0
Eval episode 935 finished with return 1.0000 over 500 steps success=0
Eval episode 936 finished with return 1.0000 over 500 steps success=0
Eval episode 937 finished with return 1.0000 over 500 steps success=0
Eval episode 938 finished with return 1.0000 over 500 steps success=0
Eval episode 939 finished with return 1.0000 over 500 steps success=0
Eval episode 940 finished with return 1.0000 over 500 steps success=0
Eval episode 941 finished with return 1.0000 over 500 steps success=0
Eval episode 942 finished with return 1.0000 over 500 steps success=0
Eval episode 943 finished with return 1.0000 over 500 steps success=0
Eval episode 944 finished with return 1.0000 over 500 steps success=0
Eval episode 945 finished with return 1.0000 over 500 steps success=0
Eval episode 946 finished with return 1.0000 over 500 steps success=0
Eval episode 947 finished with return 1.0000 over 500 steps success=0
Eval episode 948 finished with return 1.0000 over 500 steps success=0
Eval episode 949 finished with return 1.0000 over 500 steps success=0
Eval episode 950 finished with return 1.0000 over 500 steps success=0
Eval episode 951 finished with return 1.0000 over 500 steps success=0
Eval episode 952 finished with return 1.0000 over 500 steps success=0
Eval episode 953 finished with return 1.0000 over 500 steps success=0
Eval episode 954 finished with return 1.0000 over 500 steps success=0
Eval episode 955 finished with return 1.0000 over 500 steps success=0
Eval episode 956 finished with return 1.0000 over 500 steps success=0
Eval episode 957 finished with return 1.0000 over 500 steps success=0
Eval episode 958 finished with return 1.0000 over 500 steps success=0
Eval episode 959 finished with return 1.0000 over 500 steps success=0
Eval episode 960 finished with return 1.0000 over 500 steps success=0
Eval episode 961 finished with return 1.0000 over 500 steps success=0
Eval episode 962 finished with return 1.0000 over 500 steps success=0
Eval episode 963 finished with return 1.0000 over 500 steps success=0
Eval episode 964 finished with return 1.0000 over 500 steps success=0
Eval episode 965 finished with return 1.0000 over 500 steps success=0
Eval episode 966 finished with return 1.0000 over 500 steps success=0
Eval episode 967 finished with return 1.0000 over 500 steps success=0
Eval episode 968 finished with return 1.0000 over 500 steps success=0
Eval episode 969 finished with return 1.0000 over 500 steps success=0
Eval episode 970 finished with return 1.0000 over 500 steps success=0
Eval episode 971 finished with return 1.0000 over 500 steps success=0
Eval episode 972 finished with return 1.0000 over 500 steps success=0
Eval episode 973 finished with return 1.0000 over 500 steps success=0
Eval episode 974 finished with return 1.0000 over 500 steps success=0
Eval episode 975 finished with return 1.0000 over 500 steps success=0
Eval episode 976 finished with return 1.0000 over 500 steps success=0
Eval episode 977 finished with return 1.0000 over 500 steps success=0
Eval episode 978 finished with return 1.0000 over 500 steps success=0
Eval episode 979 finished with return 1.0000 over 500 steps success=0
Eval episode 980 finished with return 1.0000 over 500 steps success=0
Eval episode 981 finished with return 1.0000 over 500 steps success=0
Eval episode 982 finished with return 1.0000 over 500 steps success=0
Eval episode 983 finished with return 1.0000 over 500 steps success=0
Eval episode 984 finished with return 1.0000 over 500 steps success=0
Eval episode 985 finished with return 1.0000 over 500 steps success=0
Eval episode 986 finished with return 1.0000 over 500 steps success=0
Eval episode 987 finished with return 1.0000 over 500 steps success=0
Eval episode 988 finished with return 1.0000 over 500 steps success=0
Eval episode 989 finished with return 1.0000 over 500 steps success=0
Eval episode 990 finished with return 1.0000 over 500 steps success=0
Eval episode 991 finished with return 1.0000 over 500 steps success=0
Eval episode 992 finished with return 1.0000 over 500 steps success=0
Eval episode 993 finished with return 1.0000 over 500 steps success=0
Eval episode 994 finished with return 1.0000 over 500 steps success=0
Eval episode 995 finished with return 1.0000 over 500 steps success=0
Eval episode 996 finished with return 1.0000 over 500 steps success=0
Eval episode 997 finished with return 1.0000 over 500 steps success=0
Eval episode 998 finished with return 1.0000 over 500 steps success=0
Eval episode 999 finished with return 1.0000 over 500 steps success=0
Eval episode 1000 finished with return 1.0000 over 500 steps success=0
Eval summary: success_rate=0.0000 (0/1000), visualized=10
Saved eval summary: /home/y/Simer/exam/train_dmcontrol_dreamerv3_ball_in_cup_release_30k/output/eval/step_0020000/eval_summary.json
Saved checkpoint: policy.ckpt
step=20200 episode=40 return=1.0000 length=200
step=20400 episode=40 return=1.0000 length=400
step=20600 episode=41 return=1.0000 length=100
step=20800 episode=41 return=1.0000 length=300
step=21000 episode=41 return=1.0000 length=500
step=21200 episode=42 return=1.0000 length=200
step=21400 episode=42 return=95.0000 length=400
step=21600 episode=43 return=95.0000 length=100
step=21800 episode=43 return=295.0000 length=300
step=22000 episode=43 return=495.0000 length=500
step=22200 episode=44 return=12.0000 length=200
step=22400 episode=44 return=21.0000 length=400
step=22600 episode=45 return=10.0000 length=100
step=22800 episode=45 return=51.0000 length=300
step=23000 episode=45 return=111.0000 length=500
step=23200 episode=46 return=55.0000 length=200
step=23400 episode=46 return=82.0000 length=400
step=23600 episode=47 return=13.0000 length=100
step=23800 episode=47 return=43.0000 length=300
step=24000 episode=47 return=75.0000 length=500
step=24200 episode=48 return=34.0000 length=200
step=24400 episode=48 return=79.0000 length=400
step=24600 episode=49 return=13.0000 length=100
step=24800 episode=49 return=34.0000 length=300
step=25000 episode=49 return=54.0000 length=500
Running evaluation at step=25000 ...
Eval episode 1 finished with return 50.0000 over 500 steps success=0
Eval episode 2 finished with return 72.0000 over 500 steps success=0
Eval episode 3 finished with return 50.0000 over 500 steps success=0
Eval episode 4 finished with return 38.0000 over 500 steps success=0
Eval episode 5 finished with return 48.0000 over 500 steps success=0
Eval episode 6 finished with return 69.0000 over 500 steps success=0
Eval episode 7 finished with return 57.0000 over 500 steps success=0
Eval episode 8 finished with return 33.0000 over 500 steps success=0
Eval episode 9 finished with return 52.0000 over 500 steps success=0
Eval episode 10 finished with return 70.0000 over 500 steps success=0
Eval episode 11 finished with return 35.0000 over 500 steps success=0
Eval episode 12 finished with return 62.0000 over 500 steps success=0
Eval episode 13 finished with return 67.0000 over 500 steps success=0
Eval episode 14 finished with return 55.0000 over 500 steps success=0
Eval episode 15 finished with return 56.0000 over 500 steps success=0
Eval episode 16 finished with return 46.0000 over 500 steps success=0
Eval episode 17 finished with return 74.0000 over 500 steps success=1
Eval episode 18 finished with return 58.0000 over 500 steps success=0
Eval episode 19 finished with return 47.0000 over 500 steps success=0
Eval episode 20 finished with return 58.0000 over 500 steps success=0
Eval episode 21 finished with return 35.0000 over 500 steps success=0
Eval episode 22 finished with return 51.0000 over 500 steps success=0
Eval episode 23 finished with return 46.0000 over 500 steps success=0
Eval episode 24 finished with return 56.0000 over 500 steps success=0
Eval episode 25 finished with return 51.0000 over 500 steps success=0
Eval episode 26 finished with return 44.0000 over 500 steps success=0
Eval episode 27 finished with return 40.0000 over 500 steps success=0
Eval episode 28 finished with return 41.0000 over 500 steps success=0
Eval episode 29 finished with return 40.0000 over 500 steps success=0
Eval episode 30 finished with return 52.0000 over 500 steps success=0
Eval episode 31 finished with return 44.0000 over 500 steps success=0
Eval episode 32 finished with return 38.0000 over 500 steps success=0
Eval episode 33 finished with return 37.0000 over 500 steps success=0
Eval episode 34 finished with return 51.0000 over 500 steps success=0
Eval episode 35 finished with return 45.0000 over 500 steps success=0
Eval episode 36 finished with return 55.0000 over 500 steps success=0
Eval episode 37 finished with return 45.0000 over 500 steps success=0
Eval episode 38 finished with return 35.0000 over 500 steps success=0
Eval episode 39 finished with return 56.0000 over 500 steps success=1
Eval episode 40 finished with return 32.0000 over 500 steps success=0
Eval episode 41 finished with return 49.0000 over 500 steps success=0
Eval episode 42 finished with return 56.0000 over 500 steps success=0
Eval episode 43 finished with return 51.0000 over 500 steps success=0
Eval episode 44 finished with return 44.0000 over 500 steps success=1
Eval episode 45 finished with return 42.0000 over 500 steps success=0
Eval episode 46 finished with return 69.0000 over 500 steps success=0
Eval episode 47 finished with return 56.0000 over 500 steps success=0
Eval episode 48 finished with return 55.0000 over 500 steps success=1
Eval episode 49 finished with return 44.0000 over 500 steps success=0
Eval episode 50 finished with return 43.0000 over 500 steps success=1
Eval episode 51 finished with return 58.0000 over 500 steps success=0
Eval episode 52 finished with return 62.0000 over 500 steps success=0
Eval episode 53 finished with return 55.0000 over 500 steps success=0
Eval episode 54 finished with return 55.0000 over 500 steps success=0
Eval episode 55 finished with return 66.0000 over 500 steps success=0
Eval episode 56 finished with return 81.0000 over 500 steps success=1
Eval episode 57 finished with return 34.0000 over 500 steps success=0
Eval episode 58 finished with return 35.0000 over 500 steps success=0
Eval episode 59 finished with return 46.0000 over 500 steps success=0
Eval episode 60 finished with return 41.0000 over 500 steps success=0
Eval episode 61 finished with return 40.0000 over 500 steps success=0
Eval episode 62 finished with return 46.0000 over 500 steps success=0
Eval episode 63 finished with return 48.0000 over 500 steps success=0
Eval episode 64 finished with return 64.0000 over 500 steps success=0
Eval episode 65 finished with return 23.0000 over 500 steps success=0
Eval episode 66 finished with return 43.0000 over 500 steps success=0
Eval episode 67 finished with return 48.0000 over 500 steps success=0
Eval episode 68 finished with return 46.0000 over 500 steps success=0
Eval episode 69 finished with return 53.0000 over 500 steps success=0
Eval episode 70 finished with return 70.0000 over 500 steps success=0
Eval episode 71 finished with return 59.0000 over 500 steps success=0
Eval episode 72 finished with return 47.0000 over 500 steps success=0
Eval episode 73 finished with return 40.0000 over 500 steps success=0
Eval episode 74 finished with return 34.0000 over 500 steps success=0
Eval episode 75 finished with return 63.0000 over 500 steps success=0
Eval episode 76 finished with return 47.0000 over 500 steps success=0
Eval episode 77 finished with return 43.0000 over 500 steps success=0
Eval episode 78 finished with return 54.0000 over 500 steps success=0
Eval episode 79 finished with return 57.0000 over 500 steps success=0
Eval episode 80 finished with return 42.0000 over 500 steps success=0
Eval episode 81 finished with return 59.0000 over 500 steps success=0
Eval episode 82 finished with return 55.0000 over 500 steps success=0
Eval episode 83 finished with return 51.0000 over 500 steps success=0
Eval episode 84 finished with return 71.0000 over 500 steps success=1
Eval episode 85 finished with return 54.0000 over 500 steps success=0
Eval episode 86 finished with return 43.0000 over 500 steps success=0
Eval episode 87 finished with return 45.0000 over 500 steps success=1
Eval episode 88 finished with return 41.0000 over 500 steps success=0
Eval episode 89 finished with return 78.0000 over 500 steps success=0
Eval episode 90 finished with return 55.0000 over 500 steps success=1
Eval episode 91 finished with return 45.0000 over 500 steps success=0
Eval episode 92 finished with return 28.0000 over 500 steps success=0
Eval episode 93 finished with return 52.0000 over 500 steps success=0
Eval episode 94 finished with return 56.0000 over 500 steps success=0
Eval episode 95 finished with return 25.0000 over 500 steps success=0
Eval episode 96 finished with return 44.0000 over 500 steps success=0
Eval episode 97 finished with return 62.0000 over 500 steps success=0
Eval episode 98 finished with return 64.0000 over 500 steps success=0
Eval episode 99 finished with return 57.0000 over 500 steps success=0
Eval episode 100 finished with return 47.0000 over 500 steps success=0
Eval episode 101 finished with return 46.0000 over 500 steps success=0
Eval episode 102 finished with return 69.0000 over 500 steps success=0
Eval episode 103 finished with return 32.0000 over 500 steps success=0
Eval episode 104 finished with return 43.0000 over 500 steps success=0
Eval episode 105 finished with return 52.0000 over 500 steps success=0
Eval episode 106 finished with return 45.0000 over 500 steps success=1
Eval episode 107 finished with return 50.0000 over 500 steps success=0
Eval episode 108 finished with return 47.0000 over 500 steps success=0
Eval episode 109 finished with return 58.0000 over 500 steps success=0
Eval episode 110 finished with return 53.0000 over 500 steps success=0
Eval episode 111 finished with return 55.0000 over 500 steps success=0
Eval episode 112 finished with return 67.0000 over 500 steps success=0
Eval episode 113 finished with return 63.0000 over 500 steps success=0
Eval episode 114 finished with return 47.0000 over 500 steps success=0
Eval episode 115 finished with return 59.0000 over 500 steps success=0
Eval episode 116 finished with return 43.0000 over 500 steps success=0
Eval episode 117 finished with return 50.0000 over 500 steps success=0
Eval episode 118 finished with return 69.0000 over 500 steps success=0
Eval episode 119 finished with return 50.0000 over 500 steps success=0
Eval episode 120 finished with return 59.0000 over 500 steps success=0
Eval episode 121 finished with return 54.0000 over 500 steps success=0
Eval episode 122 finished with return 51.0000 over 500 steps success=0
Eval episode 123 finished with return 33.0000 over 500 steps success=0
Eval episode 124 finished with return 44.0000 over 500 steps success=0
Eval episode 125 finished with return 73.0000 over 500 steps success=0
Eval episode 126 finished with return 61.0000 over 500 steps success=0
Eval episode 127 finished with return 59.0000 over 500 steps success=0
Eval episode 128 finished with return 52.0000 over 500 steps success=0
Eval episode 129 finished with return 50.0000 over 500 steps success=0
Eval episode 130 finished with return 48.0000 over 500 steps success=0
Eval episode 131 finished with return 71.0000 over 500 steps success=0
Eval episode 132 finished with return 53.0000 over 500 steps success=0
Eval episode 133 finished with return 62.0000 over 500 steps success=0
Eval episode 134 finished with return 51.0000 over 500 steps success=0
Eval episode 135 finished with return 48.0000 over 500 steps success=0
Eval episode 136 finished with return 54.0000 over 500 steps success=0
Eval episode 137 finished with return 50.0000 over 500 steps success=0
Eval episode 138 finished with return 55.0000 over 500 steps success=0
Eval episode 139 finished with return 44.0000 over 500 steps success=0
Eval episode 140 finished with return 66.0000 over 500 steps success=0
Eval episode 141 finished with return 47.0000 over 500 steps success=1
Eval episode 142 finished with return 50.0000 over 500 steps success=0
Eval episode 143 finished with return 46.0000 over 500 steps success=0
Eval episode 144 finished with return 41.0000 over 500 steps success=0
Eval episode 145 finished with return 55.0000 over 500 steps success=0
Eval episode 146 finished with return 53.0000 over 500 steps success=0
Eval episode 147 finished with return 53.0000 over 500 steps success=0
Eval episode 148 finished with return 46.0000 over 500 steps success=0
Eval episode 149 finished with return 41.0000 over 500 steps success=0
Eval episode 150 finished with return 59.0000 over 500 steps success=0
Eval episode 151 finished with return 62.0000 over 500 steps success=0
Eval episode 152 finished with return 54.0000 over 500 steps success=0
Eval episode 153 finished with return 33.0000 over 500 steps success=0
Eval episode 154 finished with return 48.0000 over 500 steps success=0
Eval episode 155 finished with return 49.0000 over 500 steps success=0
Eval episode 156 finished with return 57.0000 over 500 steps success=0
Eval episode 157 finished with return 44.0000 over 500 steps success=0
Eval episode 158 finished with return 40.0000 over 500 steps success=0
Eval episode 159 finished with return 55.0000 over 500 steps success=0
Eval episode 160 finished with return 35.0000 over 500 steps success=0
Eval episode 161 finished with return 56.0000 over 500 steps success=0
Eval episode 162 finished with return 47.0000 over 500 steps success=0
Eval episode 163 finished with return 38.0000 over 500 steps success=0
Eval episode 164 finished with return 51.0000 over 500 steps success=0
Eval episode 165 finished with return 43.0000 over 500 steps success=0
Eval episode 166 finished with return 54.0000 over 500 steps success=0
Eval episode 167 finished with return 41.0000 over 500 steps success=0
Eval episode 168 finished with return 50.0000 over 500 steps success=1
Eval episode 169 finished with return 55.0000 over 500 steps success=0
Eval episode 170 finished with return 51.0000 over 500 steps success=0
Eval episode 171 finished with return 68.0000 over 500 steps success=0
Eval episode 172 finished with return 61.0000 over 500 steps success=0
Eval episode 173 finished with return 64.0000 over 500 steps success=0
Eval episode 174 finished with return 59.0000 over 500 steps success=0
Eval episode 175 finished with return 40.0000 over 500 steps success=0
Eval episode 176 finished with return 177.0000 over 500 steps success=1
Eval episode 177 finished with return 56.0000 over 500 steps success=1
Eval episode 178 finished with return 55.0000 over 500 steps success=0
Eval episode 179 finished with return 44.0000 over 500 steps success=0
Eval episode 180 finished with return 59.0000 over 500 steps success=0
Eval episode 181 finished with return 51.0000 over 500 steps success=0
Eval episode 182 finished with return 40.0000 over 500 steps success=0
Eval episode 183 finished with return 52.0000 over 500 steps success=0
Eval episode 184 finished with return 44.0000 over 500 steps success=0
Eval episode 185 finished with return 32.0000 over 500 steps success=0
Eval episode 186 finished with return 55.0000 over 500 steps success=0
Eval episode 187 finished with return 78.0000 over 500 steps success=0
Eval episode 188 finished with return 41.0000 over 500 steps success=0
Eval episode 189 finished with return 68.0000 over 500 steps success=0
Eval episode 190 finished with return 25.0000 over 500 steps success=0
Eval episode 191 finished with return 63.0000 over 500 steps success=0
Eval episode 192 finished with return 47.0000 over 500 steps success=0
Eval episode 193 finished with return 56.0000 over 500 steps success=0
Eval episode 194 finished with return 46.0000 over 500 steps success=0
Eval episode 195 finished with return 47.0000 over 500 steps success=0
Eval episode 196 finished with return 60.0000 over 500 steps success=0
Eval episode 197 finished with return 71.0000 over 500 steps success=0
Eval episode 198 finished with return 68.0000 over 500 steps success=0
Eval episode 199 finished with return 60.0000 over 500 steps success=0
Eval episode 200 finished with return 74.0000 over 500 steps success=0
Eval episode 201 finished with return 44.0000 over 500 steps success=0
Eval episode 202 finished with return 39.0000 over 500 steps success=0
Eval episode 203 finished with return 63.0000 over 500 steps success=0
Eval episode 204 finished with return 57.0000 over 500 steps success=1
Eval episode 205 finished with return 48.0000 over 500 steps success=0
Eval episode 206 finished with return 51.0000 over 500 steps success=0
Eval episode 207 finished with return 58.0000 over 500 steps success=0
Eval episode 208 finished with return 40.0000 over 500 steps success=0
Eval episode 209 finished with return 70.0000 over 500 steps success=0
Eval episode 210 finished with return 55.0000 over 500 steps success=1
Eval episode 211 finished with return 52.0000 over 500 steps success=0
Eval episode 212 finished with return 23.0000 over 500 steps success=0
Eval episode 213 finished with return 59.0000 over 500 steps success=0
Eval episode 214 finished with return 62.0000 over 500 steps success=0
Eval episode 215 finished with return 79.0000 over 500 steps success=0
Eval episode 216 finished with return 48.0000 over 500 steps success=0
Eval episode 217 finished with return 42.0000 over 500 steps success=0
Eval episode 218 finished with return 57.0000 over 500 steps success=0
Eval episode 219 finished with return 30.0000 over 500 steps success=0
Eval episode 220 finished with return 39.0000 over 500 steps success=0
Eval episode 221 finished with return 52.0000 over 500 steps success=0
Eval episode 222 finished with return 47.0000 over 500 steps success=0
Eval episode 223 finished with return 39.0000 over 500 steps success=0
Eval episode 224 finished with return 50.0000 over 500 steps success=0
Eval episode 225 finished with return 57.0000 over 500 steps success=0
Eval episode 226 finished with return 56.0000 over 500 steps success=0
Eval episode 227 finished with return 60.0000 over 500 steps success=0
Eval episode 228 finished with return 47.0000 over 500 steps success=0
Eval episode 229 finished with return 48.0000 over 500 steps success=0
Eval episode 230 finished with return 62.0000 over 500 steps success=1
Eval episode 231 finished with return 61.0000 over 500 steps success=1
Eval episode 232 finished with return 62.0000 over 500 steps success=0
Eval episode 233 finished with return 68.0000 over 500 steps success=0
Eval episode 234 finished with return 48.0000 over 500 steps success=0
Eval episode 235 finished with return 67.0000 over 500 steps success=0
Eval episode 236 finished with return 33.0000 over 500 steps success=0
Eval episode 237 finished with return 55.0000 over 500 steps success=0
Eval episode 238 finished with return 57.0000 over 500 steps success=0
Eval episode 239 finished with return 68.0000 over 500 steps success=0
Eval episode 240 finished with return 29.0000 over 500 steps success=0
Eval episode 241 finished with return 34.0000 over 500 steps success=0
Eval episode 242 finished with return 36.0000 over 500 steps success=0
Eval episode 243 finished with return 42.0000 over 500 steps success=0
Eval episode 244 finished with return 44.0000 over 500 steps success=0
Eval episode 245 finished with return 42.0000 over 500 steps success=0
Eval episode 246 finished with return 46.0000 over 500 steps success=0
Eval episode 247 finished with return 54.0000 over 500 steps success=0
Eval episode 248 finished with return 49.0000 over 500 steps success=0
Eval episode 249 finished with return 46.0000 over 500 steps success=0
Eval episode 250 finished with return 36.0000 over 500 steps success=0
Eval episode 251 finished with return 35.0000 over 500 steps success=0
Eval episode 252 finished with return 55.0000 over 500 steps success=0
Eval episode 253 finished with return 59.0000 over 500 steps success=0
Eval episode 254 finished with return 41.0000 over 500 steps success=0
Eval episode 255 finished with return 55.0000 over 500 steps success=1
Eval episode 256 finished with return 45.0000 over 500 steps success=0
Eval episode 257 finished with return 77.0000 over 500 steps success=0
Eval episode 258 finished with return 65.0000 over 500 steps success=0
Eval episode 259 finished with return 47.0000 over 500 steps success=0
Eval episode 260 finished with return 58.0000 over 500 steps success=0
Eval episode 261 finished with return 51.0000 over 500 steps success=0
Eval episode 262 finished with return 46.0000 over 500 steps success=1
Eval episode 263 finished with return 52.0000 over 500 steps success=0
Eval episode 264 finished with return 65.0000 over 500 steps success=0
Eval episode 265 finished with return 57.0000 over 500 steps success=0
Eval episode 266 finished with return 40.0000 over 500 steps success=0
Eval episode 267 finished with return 60.0000 over 500 steps success=0
Eval episode 268 finished with return 43.0000 over 500 steps success=0
Eval episode 269 finished with return 66.0000 over 500 steps success=0
Eval episode 270 finished with return 43.0000 over 500 steps success=0
Eval episode 271 finished with return 50.0000 over 500 steps success=0
Eval episode 272 finished with return 62.0000 over 500 steps success=0
Eval episode 273 finished with return 41.0000 over 500 steps success=0
Eval episode 274 finished with return 49.0000 over 500 steps success=0
Eval episode 275 finished with return 44.0000 over 500 steps success=0
Eval episode 276 finished with return 73.0000 over 500 steps success=0
Eval episode 277 finished with return 59.0000 over 500 steps success=0
Eval episode 278 finished with return 57.0000 over 500 steps success=0
Eval episode 279 finished with return 48.0000 over 500 steps success=0
Eval episode 280 finished with return 67.0000 over 500 steps success=0
Eval episode 281 finished with return 45.0000 over 500 steps success=0
Eval episode 282 finished with return 42.0000 over 500 steps success=0
Eval episode 283 finished with return 41.0000 over 500 steps success=0
Eval episode 284 finished with return 54.0000 over 500 steps success=1
Eval episode 285 finished with return 32.0000 over 500 steps success=0
Eval episode 286 finished with return 39.0000 over 500 steps success=0
Eval episode 287 finished with return 40.0000 over 500 steps success=0
Eval episode 288 finished with return 33.0000 over 500 steps success=0
Eval episode 289 finished with return 47.0000 over 500 steps success=0
Eval episode 290 finished with return 41.0000 over 500 steps success=0
Eval episode 291 finished with return 54.0000 over 500 steps success=0
Eval episode 292 finished with return 55.0000 over 500 steps success=0
Eval episode 293 finished with return 36.0000 over 500 steps success=0
Eval episode 294 finished with return 60.0000 over 500 steps success=0
Eval episode 295 finished with return 42.0000 over 500 steps success=0
Eval episode 296 finished with return 29.0000 over 500 steps success=0
Eval episode 297 finished with return 40.0000 over 500 steps success=0
Eval episode 298 finished with return 50.0000 over 500 steps success=0
Eval episode 299 finished with return 39.0000 over 500 steps success=0
Eval episode 300 finished with return 48.0000 over 500 steps success=0
Eval episode 301 finished with return 48.0000 over 500 steps success=0
Eval episode 302 finished with return 62.0000 over 500 steps success=0
Eval episode 303 finished with return 49.0000 over 500 steps success=1
Eval episode 304 finished with return 58.0000 over 500 steps success=0
Eval episode 305 finished with return 45.0000 over 500 steps success=0
Eval episode 306 finished with return 68.0000 over 500 steps success=0
Eval episode 307 finished with return 41.0000 over 500 steps success=0
Eval episode 308 finished with return 40.0000 over 500 steps success=1
Eval episode 309 finished with return 51.0000 over 500 steps success=0
Eval episode 310 finished with return 52.0000 over 500 steps success=0
Eval episode 311 finished with return 49.0000 over 500 steps success=0
Eval episode 312 finished with return 58.0000 over 500 steps success=0
Eval episode 313 finished with return 58.0000 over 500 steps success=0
Eval episode 314 finished with return 36.0000 over 500 steps success=0
Eval episode 315 finished with return 71.0000 over 500 steps success=0
Eval episode 316 finished with return 46.0000 over 500 steps success=0
Eval episode 317 finished with return 59.0000 over 500 steps success=0
Eval episode 318 finished with return 53.0000 over 500 steps success=0
Eval episode 319 finished with return 43.0000 over 500 steps success=0
Eval episode 320 finished with return 74.0000 over 500 steps success=1
Eval episode 321 finished with return 41.0000 over 500 steps success=0
Eval episode 322 finished with return 61.0000 over 500 steps success=0
Eval episode 323 finished with return 61.0000 over 500 steps success=0
Eval episode 324 finished with return 58.0000 over 500 steps success=0
Eval episode 325 finished with return 61.0000 over 500 steps success=0
Eval episode 326 finished with return 64.0000 over 500 steps success=0
Eval episode 327 finished with return 44.0000 over 500 steps success=0
Eval episode 328 finished with return 38.0000 over 500 steps success=0
Eval episode 329 finished with return 46.0000 over 500 steps success=0
Eval episode 330 finished with return 28.0000 over 500 steps success=0
Eval episode 331 finished with return 49.0000 over 500 steps success=0
Eval episode 332 finished with return 43.0000 over 500 steps success=0
Eval episode 333 finished with return 43.0000 over 500 steps success=0
Eval episode 334 finished with return 38.0000 over 500 steps success=0
Eval episode 335 finished with return 29.0000 over 500 steps success=1
Eval episode 336 finished with return 50.0000 over 500 steps success=0
Eval episode 337 finished with return 59.0000 over 500 steps success=0
Eval episode 338 finished with return 49.0000 over 500 steps success=0
Eval episode 339 finished with return 63.0000 over 500 steps success=0
Eval episode 340 finished with return 67.0000 over 500 steps success=1
Eval episode 341 finished with return 31.0000 over 500 steps success=0
Eval episode 342 finished with return 65.0000 over 500 steps success=0
Eval episode 343 finished with return 45.0000 over 500 steps success=0
Eval episode 344 finished with return 46.0000 over 500 steps success=0
Eval episode 345 finished with return 60.0000 over 500 steps success=0
Eval episode 346 finished with return 56.0000 over 500 steps success=0
Eval episode 347 finished with return 47.0000 over 500 steps success=0
Eval episode 348 finished with return 58.0000 over 500 steps success=0
Eval episode 349 finished with return 46.0000 over 500 steps success=0
Eval episode 350 finished with return 68.0000 over 500 steps success=0
Eval episode 351 finished with return 46.0000 over 500 steps success=0
Eval episode 352 finished with return 43.0000 over 500 steps success=0
Eval episode 353 finished with return 52.0000 over 500 steps success=0
Eval episode 354 finished with return 48.0000 over 500 steps success=0
Eval episode 355 finished with return 66.0000 over 500 steps success=0
Eval episode 356 finished with return 31.0000 over 500 steps success=0
Eval episode 357 finished with return 73.0000 over 500 steps success=1
Eval episode 358 finished with return 40.0000 over 500 steps success=0
Eval episode 359 finished with return 33.0000 over 500 steps success=0
Eval episode 360 finished with return 45.0000 over 500 steps success=0
Eval episode 361 finished with return 66.0000 over 500 steps success=1
Eval episode 362 finished with return 66.0000 over 500 steps success=0
Eval episode 363 finished with return 57.0000 over 500 steps success=0
Eval episode 364 finished with return 27.0000 over 500 steps success=0
Eval episode 365 finished with return 37.0000 over 500 steps success=0
Eval episode 366 finished with return 54.0000 over 500 steps success=0
Eval episode 367 finished with return 48.0000 over 500 steps success=0
Eval episode 368 finished with return 48.0000 over 500 steps success=0
Eval episode 369 finished with return 50.0000 over 500 steps success=0
Eval episode 370 finished with return 50.0000 over 500 steps success=0
Eval episode 371 finished with return 43.0000 over 500 steps success=0
Eval episode 372 finished with return 46.0000 over 500 steps success=0
Eval episode 373 finished with return 33.0000 over 500 steps success=0
Eval episode 374 finished with return 51.0000 over 500 steps success=0
Eval episode 375 finished with return 64.0000 over 500 steps success=0
Eval episode 376 finished with return 52.0000 over 500 steps success=0
Eval episode 377 finished with return 30.0000 over 500 steps success=0
Eval episode 378 finished with return 41.0000 over 500 steps success=0
Eval episode 379 finished with return 38.0000 over 500 steps success=0
Eval episode 380 finished with return 62.0000 over 500 steps success=0
Eval episode 381 finished with return 53.0000 over 500 steps success=0
Eval episode 382 finished with return 39.0000 over 500 steps success=0
Eval episode 383 finished with return 47.0000 over 500 steps success=0
Eval episode 384 finished with return 54.0000 over 500 steps success=0
Eval episode 385 finished with return 44.0000 over 500 steps success=1
Eval episode 386 finished with return 45.0000 over 500 steps success=0
Eval episode 387 finished with return 41.0000 over 500 steps success=0
Eval episode 388 finished with return 51.0000 over 500 steps success=0
Eval episode 389 finished with return 50.0000 over 500 steps success=0
Eval episode 390 finished with return 38.0000 over 500 steps success=0
Eval episode 391 finished with return 59.0000 over 500 steps success=0
Eval episode 392 finished with return 38.0000 over 500 steps success=0
Eval episode 393 finished with return 41.0000 over 500 steps success=0
Eval episode 394 finished with return 49.0000 over 500 steps success=0
Eval episode 395 finished with return 420.0000 over 500 steps success=1
Eval episode 396 finished with return 63.0000 over 500 steps success=0
Eval episode 397 finished with return 66.0000 over 500 steps success=1
Eval episode 398 finished with return 62.0000 over 500 steps success=1
Eval episode 399 finished with return 52.0000 over 500 steps success=0
Eval episode 400 finished with return 50.0000 over 500 steps success=0
Eval episode 401 finished with return 47.0000 over 500 steps success=0
Eval episode 402 finished with return 49.0000 over 500 steps success=0
Eval episode 403 finished with return 41.0000 over 500 steps success=0
Eval episode 404 finished with return 55.0000 over 500 steps success=0
Eval episode 405 finished with return 38.0000 over 500 steps success=0
Eval episode 406 finished with return 48.0000 over 500 steps success=0
Eval episode 407 finished with return 44.0000 over 500 steps success=0
Eval episode 408 finished with return 69.0000 over 500 steps success=0
Eval episode 409 finished with return 51.0000 over 500 steps success=1
Eval episode 410 finished with return 55.0000 over 500 steps success=0
Eval episode 411 finished with return 51.0000 over 500 steps success=0
Eval episode 412 finished with return 69.0000 over 500 steps success=1
Eval episode 413 finished with return 56.0000 over 500 steps success=0
Eval episode 414 finished with return 29.0000 over 500 steps success=0
Eval episode 415 finished with return 29.0000 over 500 steps success=1
Eval episode 416 finished with return 46.0000 over 500 steps success=0
Eval episode 417 finished with return 45.0000 over 500 steps success=0
Eval episode 418 finished with return 52.0000 over 500 steps success=0
Eval episode 419 finished with return 52.0000 over 500 steps success=0
Eval episode 420 finished with return 42.0000 over 500 steps success=0
Eval episode 421 finished with return 30.0000 over 500 steps success=1
Eval episode 422 finished with return 48.0000 over 500 steps success=0
Eval episode 423 finished with return 52.0000 over 500 steps success=1
Eval episode 424 finished with return 38.0000 over 500 steps success=0
Eval episode 425 finished with return 40.0000 over 500 steps success=0
Eval episode 426 finished with return 64.0000 over 500 steps success=0
Eval episode 427 finished with return 46.0000 over 500 steps success=0
Eval episode 428 finished with return 52.0000 over 500 steps success=0
Eval episode 429 finished with return 45.0000 over 500 steps success=0
Eval episode 430 finished with return 41.0000 over 500 steps success=0
Eval episode 431 finished with return 62.0000 over 500 steps success=0
Eval episode 432 finished with return 48.0000 over 500 steps success=0
Eval episode 433 finished with return 53.0000 over 500 steps success=0
Eval episode 434 finished with return 39.0000 over 500 steps success=0
Eval episode 435 finished with return 48.0000 over 500 steps success=0
Eval episode 436 finished with return 53.0000 over 500 steps success=0
Eval episode 437 finished with return 41.0000 over 500 steps success=0
Eval episode 438 finished with return 47.0000 over 500 steps success=0
Eval episode 439 finished with return 51.0000 over 500 steps success=1
Eval episode 440 finished with return 58.0000 over 500 steps success=0
Eval episode 441 finished with return 57.0000 over 500 steps success=1
Eval episode 442 finished with return 43.0000 over 500 steps success=0
Eval episode 443 finished with return 66.0000 over 500 steps success=0
Eval episode 444 finished with return 51.0000 over 500 steps success=0
Eval episode 445 finished with return 71.0000 over 500 steps success=0
Eval episode 446 finished with return 26.0000 over 500 steps success=0
Eval episode 447 finished with return 48.0000 over 500 steps success=1
Eval episode 448 finished with return 42.0000 over 500 steps success=0
Eval episode 449 finished with return 55.0000 over 500 steps success=0
Eval episode 450 finished with return 60.0000 over 500 steps success=1
Eval episode 451 finished with return 25.0000 over 500 steps success=0
Eval episode 452 finished with return 54.0000 over 500 steps success=0
Eval episode 453 finished with return 58.0000 over 500 steps success=0
Eval episode 454 finished with return 47.0000 over 500 steps success=1
Eval episode 455 finished with return 52.0000 over 500 steps success=0
Eval episode 456 finished with return 54.0000 over 500 steps success=0
Eval episode 457 finished with return 33.0000 over 500 steps success=0
Eval episode 458 finished with return 40.0000 over 500 steps success=0
Eval episode 459 finished with return 40.0000 over 500 steps success=0
Eval episode 460 finished with return 55.0000 over 500 steps success=0
Eval episode 461 finished with return 50.0000 over 500 steps success=0
Eval episode 462 finished with return 41.0000 over 500 steps success=0
Eval episode 463 finished with return 56.0000 over 500 steps success=0
Eval episode 464 finished with return 40.0000 over 500 steps success=0
Eval episode 465 finished with return 41.0000 over 500 steps success=0
Eval episode 466 finished with return 73.0000 over 500 steps success=1
Eval episode 467 finished with return 42.0000 over 500 steps success=0
Eval episode 468 finished with return 73.0000 over 500 steps success=0
Eval episode 469 finished with return 52.0000 over 500 steps success=0
Eval episode 470 finished with return 40.0000 over 500 steps success=0
Eval episode 471 finished with return 51.0000 over 500 steps success=1
Eval episode 472 finished with return 53.0000 over 500 steps success=0
Eval episode 473 finished with return 37.0000 over 500 steps success=0
Eval episode 474 finished with return 56.0000 over 500 steps success=0
Eval episode 475 finished with return 38.0000 over 500 steps success=0
Eval episode 476 finished with return 52.0000 over 500 steps success=1
Eval episode 477 finished with return 43.0000 over 500 steps success=0
Eval episode 478 finished with return 56.0000 over 500 steps success=0
Eval episode 479 finished with return 55.0000 over 500 steps success=0
Eval episode 480 finished with return 55.0000 over 500 steps success=0
Eval episode 481 finished with return 42.0000 over 500 steps success=0
Eval episode 482 finished with return 48.0000 over 500 steps success=0
Eval episode 483 finished with return 63.0000 over 500 steps success=0
Eval episode 484 finished with return 41.0000 over 500 steps success=0
Eval episode 485 finished with return 55.0000 over 500 steps success=0
Eval episode 486 finished with return 50.0000 over 500 steps success=0
Eval episode 487 finished with return 53.0000 over 500 steps success=0
Eval episode 488 finished with return 48.0000 over 500 steps success=0
Eval episode 489 finished with return 41.0000 over 500 steps success=0
Eval episode 490 finished with return 58.0000 over 500 steps success=0
Eval episode 491 finished with return 59.0000 over 500 steps success=0
Eval episode 492 finished with return 44.0000 over 500 steps success=0
Eval episode 493 finished with return 61.0000 over 500 steps success=0
Eval episode 494 finished with return 43.0000 over 500 steps success=0
Eval episode 495 finished with return 45.0000 over 500 steps success=0
Eval episode 496 finished with return 46.0000 over 500 steps success=0
Eval episode 497 finished with return 63.0000 over 500 steps success=0
Eval episode 498 finished with return 45.0000 over 500 steps success=0
Eval episode 499 finished with return 49.0000 over 500 steps success=0
Eval episode 500 finished with return 61.0000 over 500 steps success=0
Eval episode 501 finished with return 41.0000 over 500 steps success=0
Eval episode 502 finished with return 49.0000 over 500 steps success=0
Eval episode 503 finished with return 54.0000 over 500 steps success=0
Eval episode 504 finished with return 41.0000 over 500 steps success=0
Eval episode 505 finished with return 46.0000 over 500 steps success=0
Eval episode 506 finished with return 66.0000 over 500 steps success=0
Eval episode 507 finished with return 74.0000 over 500 steps success=0
Eval episode 508 finished with return 32.0000 over 500 steps success=0
Eval episode 509 finished with return 60.0000 over 500 steps success=0
Eval episode 510 finished with return 35.0000 over 500 steps success=0
Eval episode 511 finished with return 64.0000 over 500 steps success=0
Eval episode 512 finished with return 40.0000 over 500 steps success=0
Eval episode 513 finished with return 53.0000 over 500 steps success=0
Eval episode 514 finished with return 54.0000 over 500 steps success=0
Eval episode 515 finished with return 62.0000 over 500 steps success=0
Eval episode 516 finished with return 58.0000 over 500 steps success=0
Eval episode 517 finished with return 64.0000 over 500 steps success=0
Eval episode 518 finished with return 37.0000 over 500 steps success=0
Eval episode 519 finished with return 54.0000 over 500 steps success=0
Eval episode 520 finished with return 54.0000 over 500 steps success=0
Eval episode 521 finished with return 49.0000 over 500 steps success=0
Eval episode 522 finished with return 54.0000 over 500 steps success=0
Eval episode 523 finished with return 50.0000 over 500 steps success=0
Eval episode 524 finished with return 53.0000 over 500 steps success=0
Eval episode 525 finished with return 46.0000 over 500 steps success=0
Eval episode 526 finished with return 55.0000 over 500 steps success=0
Eval episode 527 finished with return 40.0000 over 500 steps success=0
Eval episode 528 finished with return 82.0000 over 500 steps success=0
Eval episode 529 finished with return 60.0000 over 500 steps success=0
Eval episode 530 finished with return 60.0000 over 500 steps success=0
Eval episode 531 finished with return 45.0000 over 500 steps success=0
Eval episode 532 finished with return 26.0000 over 500 steps success=0
Eval episode 533 finished with return 61.0000 over 500 steps success=1
Eval episode 534 finished with return 47.0000 over 500 steps success=0
Eval episode 535 finished with return 55.0000 over 500 steps success=0
Eval episode 536 finished with return 43.0000 over 500 steps success=0
Eval episode 537 finished with return 69.0000 over 500 steps success=0
Eval episode 538 finished with return 34.0000 over 500 steps success=0
Eval episode 539 finished with return 49.0000 over 500 steps success=0
Eval episode 540 finished with return 53.0000 over 500 steps success=0
Eval episode 541 finished with return 40.0000 over 500 steps success=0
Eval episode 542 finished with return 33.0000 over 500 steps success=0
Eval episode 543 finished with return 44.0000 over 500 steps success=0
Eval episode 544 finished with return 43.0000 over 500 steps success=0
Eval episode 545 finished with return 40.0000 over 500 steps success=0
Eval episode 546 finished with return 53.0000 over 500 steps success=0
Eval episode 547 finished with return 48.0000 over 500 steps success=0
Eval episode 548 finished with return 49.0000 over 500 steps success=0
Eval episode 549 finished with return 63.0000 over 500 steps success=0
Eval episode 550 finished with return 54.0000 over 500 steps success=0
Eval episode 551 finished with return 53.0000 over 500 steps success=0
Eval episode 552 finished with return 42.0000 over 500 steps success=0
Eval episode 553 finished with return 70.0000 over 500 steps success=0
Eval episode 554 finished with return 38.0000 over 500 steps success=0
Eval episode 555 finished with return 54.0000 over 500 steps success=0
Eval episode 556 finished with return 37.0000 over 500 steps success=0
Eval episode 557 finished with return 53.0000 over 500 steps success=0
Eval episode 558 finished with return 60.0000 over 500 steps success=0
Eval episode 559 finished with return 72.0000 over 500 steps success=0
Eval episode 560 finished with return 70.0000 over 500 steps success=0
Eval episode 561 finished with return 64.0000 over 500 steps success=0
Eval episode 562 finished with return 46.0000 over 500 steps success=0
Eval episode 563 finished with return 38.0000 over 500 steps success=0
Eval episode 564 finished with return 48.0000 over 500 steps success=0
Eval episode 565 finished with return 55.0000 over 500 steps success=0
Eval episode 566 finished with return 54.0000 over 500 steps success=0
Eval episode 567 finished with return 71.0000 over 500 steps success=0
Eval episode 568 finished with return 59.0000 over 500 steps success=0
Eval episode 569 finished with return 44.0000 over 500 steps success=0
Eval episode 570 finished with return 63.0000 over 500 steps success=0
Eval episode 571 finished with return 34.0000 over 500 steps success=0
Eval episode 572 finished with return 47.0000 over 500 steps success=0
Eval episode 573 finished with return 59.0000 over 500 steps success=1
Eval episode 574 finished with return 56.0000 over 500 steps success=0
Eval episode 575 finished with return 41.0000 over 500 steps success=0
Eval episode 576 finished with return 59.0000 over 500 steps success=0
Eval episode 577 finished with return 55.0000 over 500 steps success=0
Eval episode 578 finished with return 46.0000 over 500 steps success=1
Eval episode 579 finished with return 62.0000 over 500 steps success=0
Eval episode 580 finished with return 37.0000 over 500 steps success=0
Eval episode 581 finished with return 46.0000 over 500 steps success=0
Eval episode 582 finished with return 52.0000 over 500 steps success=0
Eval episode 583 finished with return 54.0000 over 500 steps success=1
Eval episode 584 finished with return 50.0000 over 500 steps success=0
Eval episode 585 finished with return 59.0000 over 500 steps success=0
Eval episode 586 finished with return 76.0000 over 500 steps success=0
Eval episode 587 finished with return 66.0000 over 500 steps success=0
Eval episode 588 finished with return 53.0000 over 500 steps success=0
Eval episode 589 finished with return 56.0000 over 500 steps success=0
Eval episode 590 finished with return 35.0000 over 500 steps success=0
Eval episode 591 finished with return 34.0000 over 500 steps success=0
Eval episode 592 finished with return 36.0000 over 500 steps success=0
Eval episode 593 finished with return 35.0000 over 500 steps success=1
Eval episode 594 finished with return 51.0000 over 500 steps success=0
Eval episode 595 finished with return 74.0000 over 500 steps success=0
Eval episode 596 finished with return 40.0000 over 500 steps success=0
Eval episode 597 finished with return 42.0000 over 500 steps success=0
Eval episode 598 finished with return 38.0000 over 500 steps success=0
Eval episode 599 finished with return 48.0000 over 500 steps success=0
Eval episode 600 finished with return 66.0000 over 500 steps success=0
Eval episode 601 finished with return 56.0000 over 500 steps success=0
Eval episode 602 finished with return 48.0000 over 500 steps success=0
Eval episode 603 finished with return 44.0000 over 500 steps success=0
Eval episode 604 finished with return 458.0000 over 500 steps success=1
Eval episode 605 finished with return 48.0000 over 500 steps success=0
Eval episode 606 finished with return 50.0000 over 500 steps success=0
Eval episode 607 finished with return 37.0000 over 500 steps success=0
Eval episode 608 finished with return 44.0000 over 500 steps success=0
Eval episode 609 finished with return 43.0000 over 500 steps success=0
Eval episode 610 finished with return 39.0000 over 500 steps success=0
Eval episode 611 finished with return 47.0000 over 500 steps success=0
Eval episode 612 finished with return 53.0000 over 500 steps success=0
Eval episode 613 finished with return 32.0000 over 500 steps success=0
Eval episode 614 finished with return 33.0000 over 500 steps success=0
Eval episode 615 finished with return 35.0000 over 500 steps success=0
Eval episode 616 finished with return 37.0000 over 500 steps success=0
Eval episode 617 finished with return 48.0000 over 500 steps success=1
Eval episode 618 finished with return 37.0000 over 500 steps success=0
Eval episode 619 finished with return 56.0000 over 500 steps success=0
Eval episode 620 finished with return 46.0000 over 500 steps success=0
Eval episode 621 finished with return 38.0000 over 500 steps success=0
Eval episode 622 finished with return 43.0000 over 500 steps success=0
Eval episode 623 finished with return 32.0000 over 500 steps success=0
Eval episode 624 finished with return 62.0000 over 500 steps success=0
Eval episode 625 finished with return 48.0000 over 500 steps success=0
Eval episode 626 finished with return 51.0000 over 500 steps success=0
Eval episode 627 finished with return 58.0000 over 500 steps success=0
Eval episode 628 finished with return 52.0000 over 500 steps success=0
Eval episode 629 finished with return 37.0000 over 500 steps success=0
Eval episode 630 finished with return 38.0000 over 500 steps success=0
Eval episode 631 finished with return 51.0000 over 500 steps success=0
Eval episode 632 finished with return 56.0000 over 500 steps success=0
Eval episode 633 finished with return 44.0000 over 500 steps success=0
Eval episode 634 finished with return 51.0000 over 500 steps success=0
Eval episode 635 finished with return 67.0000 over 500 steps success=1
Eval episode 636 finished with return 65.0000 over 500 steps success=0
Eval episode 637 finished with return 60.0000 over 500 steps success=0
Eval episode 638 finished with return 55.0000 over 500 steps success=0
Eval episode 639 finished with return 55.0000 over 500 steps success=0
Eval episode 640 finished with return 62.0000 over 500 steps success=0
Eval episode 641 finished with return 42.0000 over 500 steps success=0
Eval episode 642 finished with return 39.0000 over 500 steps success=0
Eval episode 643 finished with return 63.0000 over 500 steps success=0
Eval episode 644 finished with return 31.0000 over 500 steps success=0
Eval episode 645 finished with return 56.0000 over 500 steps success=0
Eval episode 646 finished with return 40.0000 over 500 steps success=0
Eval episode 647 finished with return 46.0000 over 500 steps success=0
Eval episode 648 finished with return 53.0000 over 500 steps success=0
Eval episode 649 finished with return 42.0000 over 500 steps success=0
Eval episode 650 finished with return 44.0000 over 500 steps success=0
Eval episode 651 finished with return 53.0000 over 500 steps success=0
Eval episode 652 finished with return 47.0000 over 500 steps success=0
Eval episode 653 finished with return 49.0000 over 500 steps success=0
Eval episode 654 finished with return 53.0000 over 500 steps success=0
Eval episode 655 finished with return 70.0000 over 500 steps success=0
Eval episode 656 finished with return 53.0000 over 500 steps success=0
Eval episode 657 finished with return 38.0000 over 500 steps success=0
Eval episode 658 finished with return 56.0000 over 500 steps success=0
Eval episode 659 finished with return 34.0000 over 500 steps success=0
Eval episode 660 finished with return 51.0000 over 500 steps success=0
Eval episode 661 finished with return 51.0000 over 500 steps success=1
Eval episode 662 finished with return 68.0000 over 500 steps success=0
Eval episode 663 finished with return 54.0000 over 500 steps success=0
Eval episode 664 finished with return 59.0000 over 500 steps success=0
Eval episode 665 finished with return 52.0000 over 500 steps success=0
Eval episode 666 finished with return 61.0000 over 500 steps success=0
Eval episode 667 finished with return 56.0000 over 500 steps success=0
Eval episode 668 finished with return 66.0000 over 500 steps success=0
Eval episode 669 finished with return 55.0000 over 500 steps success=0
Eval episode 670 finished with return 47.0000 over 500 steps success=0
Eval episode 671 finished with return 60.0000 over 500 steps success=0
Eval episode 672 finished with return 40.0000 over 500 steps success=0
Eval episode 673 finished with return 38.0000 over 500 steps success=0
Eval episode 674 finished with return 66.0000 over 500 steps success=0
Eval episode 675 finished with return 45.0000 over 500 steps success=0
Eval episode 676 finished with return 54.0000 over 500 steps success=0
Eval episode 677 finished with return 45.0000 over 500 steps success=0
Eval episode 678 finished with return 69.0000 over 500 steps success=0
Eval episode 679 finished with return 38.0000 over 500 steps success=0
Eval episode 680 finished with return 50.0000 over 500 steps success=0
Eval episode 681 finished with return 67.0000 over 500 steps success=0
Eval episode 682 finished with return 42.0000 over 500 steps success=0
Eval episode 683 finished with return 64.0000 over 500 steps success=0
Eval episode 684 finished with return 66.0000 over 500 steps success=0
Eval episode 685 finished with return 42.0000 over 500 steps success=0
Eval episode 686 finished with return 49.0000 over 500 steps success=0
Eval episode 687 finished with return 56.0000 over 500 steps success=0
Eval episode 688 finished with return 39.0000 over 500 steps success=0
Eval episode 689 finished with return 47.0000 over 500 steps success=0
Eval episode 690 finished with return 52.0000 over 500 steps success=0
Eval episode 691 finished with return 59.0000 over 500 steps success=0
Eval episode 692 finished with return 50.0000 over 500 steps success=0
Eval episode 693 finished with return 54.0000 over 500 steps success=0
Eval episode 694 finished with return 60.0000 over 500 steps success=0
Eval episode 695 finished with return 26.0000 over 500 steps success=0
Eval episode 696 finished with return 50.0000 over 500 steps success=0
Eval episode 697 finished with return 54.0000 over 500 steps success=0
Eval episode 698 finished with return 50.0000 over 500 steps success=0
Eval episode 699 finished with return 25.0000 over 500 steps success=0
Eval episode 700 finished with return 64.0000 over 500 steps success=0
Eval episode 701 finished with return 49.0000 over 500 steps success=0
Eval episode 702 finished with return 74.0000 over 500 steps success=0
Eval episode 703 finished with return 54.0000 over 500 steps success=0
Eval episode 704 finished with return 42.0000 over 500 steps success=0
Eval episode 705 finished with return 54.0000 over 500 steps success=0
Eval episode 706 finished with return 59.0000 over 500 steps success=0
Eval episode 707 finished with return 39.0000 over 500 steps success=0
Eval episode 708 finished with return 40.0000 over 500 steps success=0
Eval episode 709 finished with return 44.0000 over 500 steps success=0
Eval episode 710 finished with return 41.0000 over 500 steps success=0
Eval episode 711 finished with return 48.0000 over 500 steps success=0
Eval episode 712 finished with return 52.0000 over 500 steps success=0
Eval episode 713 finished with return 61.0000 over 500 steps success=0
Eval episode 714 finished with return 43.0000 over 500 steps success=0
Eval episode 715 finished with return 51.0000 over 500 steps success=0
Eval episode 716 finished with return 33.0000 over 500 steps success=0
Eval episode 717 finished with return 46.0000 over 500 steps success=0
Eval episode 718 finished with return 34.0000 over 500 steps success=0
Eval episode 719 finished with return 48.0000 over 500 steps success=0
Eval episode 720 finished with return 54.0000 over 500 steps success=0
Eval episode 721 finished with return 58.0000 over 500 steps success=0
Eval episode 722 finished with return 73.0000 over 500 steps success=0
Eval episode 723 finished with return 60.0000 over 500 steps success=0
Eval episode 724 finished with return 62.0000 over 500 steps success=0
Eval episode 725 finished with return 39.0000 over 500 steps success=0
Eval episode 726 finished with return 42.0000 over 500 steps success=0
Eval episode 727 finished with return 60.0000 over 500 steps success=0
Eval episode 728 finished with return 57.0000 over 500 steps success=0
Eval episode 729 finished with return 58.0000 over 500 steps success=0
Eval episode 730 finished with return 44.0000 over 500 steps success=0
Eval episode 731 finished with return 40.0000 over 500 steps success=0
Eval episode 732 finished with return 53.0000 over 500 steps success=0
Eval episode 733 finished with return 60.0000 over 500 steps success=1
Eval episode 734 finished with return 52.0000 over 500 steps success=0
Eval episode 735 finished with return 47.0000 over 500 steps success=0
Eval episode 736 finished with return 50.0000 over 500 steps success=0
Eval episode 737 finished with return 41.0000 over 500 steps success=0
Eval episode 738 finished with return 41.0000 over 500 steps success=0
Eval episode 739 finished with return 39.0000 over 500 steps success=0
Eval episode 740 finished with return 31.0000 over 500 steps success=0
Eval episode 741 finished with return 42.0000 over 500 steps success=0
Eval episode 742 finished with return 41.0000 over 500 steps success=0
Eval episode 743 finished with return 41.0000 over 500 steps success=0
Eval episode 744 finished with return 43.0000 over 500 steps success=0
Eval episode 745 finished with return 52.0000 over 500 steps success=0
Eval episode 746 finished with return 40.0000 over 500 steps success=1
Eval episode 747 finished with return 49.0000 over 500 steps success=0
Eval episode 748 finished with return 50.0000 over 500 steps success=0
Eval episode 749 finished with return 41.0000 over 500 steps success=0
Eval episode 750 finished with return 54.0000 over 500 steps success=0
Eval episode 751 finished with return 65.0000 over 500 steps success=0
Eval episode 752 finished with return 41.0000 over 500 steps success=0
Eval episode 753 finished with return 54.0000 over 500 steps success=0
Eval episode 754 finished with return 50.0000 over 500 steps success=0
Eval episode 755 finished with return 59.0000 over 500 steps success=0
Eval episode 756 finished with return 51.0000 over 500 steps success=0
Eval episode 757 finished with return 44.0000 over 500 steps success=0
Eval episode 758 finished with return 75.0000 over 500 steps success=0
Eval episode 759 finished with return 40.0000 over 500 steps success=0
Eval episode 760 finished with return 40.0000 over 500 steps success=0
Eval episode 761 finished with return 90.0000 over 500 steps success=0
Eval episode 762 finished with return 67.0000 over 500 steps success=0
Eval episode 763 finished with return 51.0000 over 500 steps success=0
Eval episode 764 finished with return 48.0000 over 500 steps success=0
Eval episode 765 finished with return 38.0000 over 500 steps success=0
Eval episode 766 finished with return 42.0000 over 500 steps success=0
Eval episode 767 finished with return 50.0000 over 500 steps success=0
Eval episode 768 finished with return 35.0000 over 500 steps success=0
Eval episode 769 finished with return 42.0000 over 500 steps success=0
Eval episode 770 finished with return 71.0000 over 500 steps success=0
Eval episode 771 finished with return 49.0000 over 500 steps success=0
Eval episode 772 finished with return 49.0000 over 500 steps success=0
Eval episode 773 finished with return 66.0000 over 500 steps success=1
Eval episode 774 finished with return 62.0000 over 500 steps success=0
Eval episode 775 finished with return 51.0000 over 500 steps success=0
Eval episode 776 finished with return 47.0000 over 500 steps success=0
Eval episode 777 finished with return 51.0000 over 500 steps success=0
Eval episode 778 finished with return 52.0000 over 500 steps success=0
Eval episode 779 finished with return 44.0000 over 500 steps success=0
Eval episode 780 finished with return 48.0000 over 500 steps success=0
Eval episode 781 finished with return 64.0000 over 500 steps success=1
Eval episode 782 finished with return 50.0000 over 500 steps success=1
Eval episode 783 finished with return 34.0000 over 500 steps success=0
Eval episode 784 finished with return 57.0000 over 500 steps success=0
Eval episode 785 finished with return 59.0000 over 500 steps success=0
Eval episode 786 finished with return 54.0000 over 500 steps success=0
Eval episode 787 finished with return 50.0000 over 500 steps success=0
Eval episode 788 finished with return 55.0000 over 500 steps success=0
Eval episode 789 finished with return 51.0000 over 500 steps success=0
Eval episode 790 finished with return 49.0000 over 500 steps success=0
Eval episode 791 finished with return 60.0000 over 500 steps success=0
Eval episode 792 finished with return 54.0000 over 500 steps success=0
Eval episode 793 finished with return 36.0000 over 500 steps success=0
Eval episode 794 finished with return 62.0000 over 500 steps success=0
Eval episode 795 finished with return 52.0000 over 500 steps success=0
Eval episode 796 finished with return 60.0000 over 500 steps success=0
Eval episode 797 finished with return 33.0000 over 500 steps success=0
Eval episode 798 finished with return 35.0000 over 500 steps success=0
Eval episode 799 finished with return 42.0000 over 500 steps success=1
Eval episode 800 finished with return 38.0000 over 500 steps success=0
Eval episode 801 finished with return 64.0000 over 500 steps success=1
Eval episode 802 finished with return 64.0000 over 500 steps success=0
Eval episode 803 finished with return 46.0000 over 500 steps success=0
Eval episode 804 finished with return 40.0000 over 500 steps success=0
Eval episode 805 finished with return 48.0000 over 500 steps success=0
Eval episode 806 finished with return 37.0000 over 500 steps success=0
Eval episode 807 finished with return 40.0000 over 500 steps success=0
Eval episode 808 finished with return 37.0000 over 500 steps success=0
Eval episode 809 finished with return 37.0000 over 500 steps success=0
Eval episode 810 finished with return 46.0000 over 500 steps success=0
Eval episode 811 finished with return 41.0000 over 500 steps success=0
Eval episode 812 finished with return 47.0000 over 500 steps success=1
Eval episode 813 finished with return 43.0000 over 500 steps success=0
Eval episode 814 finished with return 63.0000 over 500 steps success=0
Eval episode 815 finished with return 48.0000 over 500 steps success=0
Eval episode 816 finished with return 38.0000 over 500 steps success=0
Eval episode 817 finished with return 58.0000 over 500 steps success=0
Eval episode 818 finished with return 37.0000 over 500 steps success=0
Eval episode 819 finished with return 54.0000 over 500 steps success=0
Eval episode 820 finished with return 46.0000 over 500 steps success=0
Eval episode 821 finished with return 53.0000 over 500 steps success=0
Eval episode 822 finished with return 56.0000 over 500 steps success=0
Eval episode 823 finished with return 57.0000 over 500 steps success=0
Eval episode 824 finished with return 44.0000 over 500 steps success=0
Eval episode 825 finished with return 63.0000 over 500 steps success=0
Eval episode 826 finished with return 48.0000 over 500 steps success=0
Eval episode 827 finished with return 78.0000 over 500 steps success=0
Eval episode 828 finished with return 68.0000 over 500 steps success=0
Eval episode 829 finished with return 65.0000 over 500 steps success=0
Eval episode 830 finished with return 50.0000 over 500 steps success=0
Eval episode 831 finished with return 39.0000 over 500 steps success=0
Eval episode 832 finished with return 56.0000 over 500 steps success=0
Eval episode 833 finished with return 38.0000 over 500 steps success=0
Eval episode 834 finished with return 80.0000 over 500 steps success=1
Eval episode 835 finished with return 64.0000 over 500 steps success=1
Eval episode 836 finished with return 73.0000 over 500 steps success=0
Eval episode 837 finished with return 55.0000 over 500 steps success=0
Eval episode 838 finished with return 48.0000 over 500 steps success=0
Eval episode 839 finished with return 56.0000 over 500 steps success=1
Eval episode 840 finished with return 41.0000 over 500 steps success=0
Eval episode 841 finished with return 52.0000 over 500 steps success=1
Eval episode 842 finished with return 64.0000 over 500 steps success=1
Eval episode 843 finished with return 66.0000 over 500 steps success=0
Eval episode 844 finished with return 55.0000 over 500 steps success=0
Eval episode 845 finished with return 31.0000 over 500 steps success=0
Eval episode 846 finished with return 62.0000 over 500 steps success=0
Eval episode 847 finished with return 50.0000 over 500 steps success=0
Eval episode 848 finished with return 44.0000 over 500 steps success=0
Eval episode 849 finished with return 45.0000 over 500 steps success=0
Eval episode 850 finished with return 56.0000 over 500 steps success=0
Eval episode 851 finished with return 52.0000 over 500 steps success=0
Eval episode 852 finished with return 52.0000 over 500 steps success=0
Eval episode 853 finished with return 42.0000 over 500 steps success=0
Eval episode 854 finished with return 50.0000 over 500 steps success=0
Eval episode 855 finished with return 45.0000 over 500 steps success=0
Eval episode 856 finished with return 51.0000 over 500 steps success=0
Eval episode 857 finished with return 56.0000 over 500 steps success=0
Eval episode 858 finished with return 40.0000 over 500 steps success=0
Eval episode 859 finished with return 48.0000 over 500 steps success=0
Eval episode 860 finished with return 37.0000 over 500 steps success=0
Eval episode 861 finished with return 52.0000 over 500 steps success=0
Eval episode 862 finished with return 48.0000 over 500 steps success=0
Eval episode 863 finished with return 30.0000 over 500 steps success=0
Eval episode 864 finished with return 48.0000 over 500 steps success=0
Eval episode 865 finished with return 31.0000 over 500 steps success=0
Eval episode 866 finished with return 45.0000 over 500 steps success=0
Eval episode 867 finished with return 50.0000 over 500 steps success=0
Eval episode 868 finished with return 63.0000 over 500 steps success=0
Eval episode 869 finished with return 54.0000 over 500 steps success=0
Eval episode 870 finished with return 46.0000 over 500 steps success=0
Eval episode 871 finished with return 47.0000 over 500 steps success=0
Eval episode 872 finished with return 49.0000 over 500 steps success=0
Eval episode 873 finished with return 62.0000 over 500 steps success=0
Eval episode 874 finished with return 45.0000 over 500 steps success=0
Eval episode 875 finished with return 52.0000 over 500 steps success=0
Eval episode 876 finished with return 49.0000 over 500 steps success=0
Eval episode 877 finished with return 51.0000 over 500 steps success=0
Eval episode 878 finished with return 43.0000 over 500 steps success=0
Eval episode 879 finished with return 53.0000 over 500 steps success=0
Eval episode 880 finished with return 48.0000 over 500 steps success=0
Eval episode 881 finished with return 50.0000 over 500 steps success=0
Eval episode 882 finished with return 49.0000 over 500 steps success=0
Eval episode 883 finished with return 51.0000 over 500 steps success=0
Eval episode 884 finished with return 54.0000 over 500 steps success=0
Eval episode 885 finished with return 35.0000 over 500 steps success=0
Eval episode 886 finished with return 46.0000 over 500 steps success=0
Eval episode 887 finished with return 52.0000 over 500 steps success=0
Eval episode 888 finished with return 47.0000 over 500 steps success=0
Eval episode 889 finished with return 41.0000 over 500 steps success=1
Eval episode 890 finished with return 52.0000 over 500 steps success=0
Eval episode 891 finished with return 53.0000 over 500 steps success=0
Eval episode 892 finished with return 50.0000 over 500 steps success=0
Eval episode 893 finished with return 41.0000 over 500 steps success=0
Eval episode 894 finished with return 42.0000 over 500 steps success=0
Eval episode 895 finished with return 51.0000 over 500 steps success=0
Eval episode 896 finished with return 65.0000 over 500 steps success=0
Eval episode 897 finished with return 49.0000 over 500 steps success=0
Eval episode 898 finished with return 53.0000 over 500 steps success=0
Eval episode 899 finished with return 66.0000 over 500 steps success=0
Eval episode 900 finished with return 52.0000 over 500 steps success=0
Eval episode 901 finished with return 37.0000 over 500 steps success=0
Eval episode 902 finished with return 49.0000 over 500 steps success=0
Eval episode 903 finished with return 54.0000 over 500 steps success=0
Eval episode 904 finished with return 71.0000 over 500 steps success=0
Eval episode 905 finished with return 53.0000 over 500 steps success=1
Eval episode 906 finished with return 29.0000 over 500 steps success=0
Eval episode 907 finished with return 56.0000 over 500 steps success=0
Eval episode 908 finished with return 41.0000 over 500 steps success=0
Eval episode 909 finished with return 57.0000 over 500 steps success=1
Eval episode 910 finished with return 54.0000 over 500 steps success=0
Eval episode 911 finished with return 62.0000 over 500 steps success=0
Eval episode 912 finished with return 51.0000 over 500 steps success=0
Eval episode 913 finished with return 48.0000 over 500 steps success=0
Eval episode 914 finished with return 45.0000 over 500 steps success=0
Eval episode 915 finished with return 55.0000 over 500 steps success=0
Eval episode 916 finished with return 53.0000 over 500 steps success=1
Eval episode 917 finished with return 47.0000 over 500 steps success=0
Eval episode 918 finished with return 39.0000 over 500 steps success=0
Eval episode 919 finished with return 51.0000 over 500 steps success=0
Eval episode 920 finished with return 46.0000 over 500 steps success=0
Eval episode 921 finished with return 31.0000 over 500 steps success=0
Eval episode 922 finished with return 59.0000 over 500 steps success=1
Eval episode 923 finished with return 51.0000 over 500 steps success=0
Eval episode 924 finished with return 53.0000 over 500 steps success=0
Eval episode 925 finished with return 62.0000 over 500 steps success=0
Eval episode 926 finished with return 49.0000 over 500 steps success=0
Eval episode 927 finished with return 55.0000 over 500 steps success=0
Eval episode 928 finished with return 34.0000 over 500 steps success=0
Eval episode 929 finished with return 46.0000 over 500 steps success=0
Eval episode 930 finished with return 39.0000 over 500 steps success=0
Eval episode 931 finished with return 51.0000 over 500 steps success=0
Eval episode 932 finished with return 36.0000 over 500 steps success=0
Eval episode 933 finished with return 53.0000 over 500 steps success=1
Eval episode 934 finished with return 47.0000 over 500 steps success=1
Eval episode 935 finished with return 47.0000 over 500 steps success=0
Eval episode 936 finished with return 51.0000 over 500 steps success=0
Eval episode 937 finished with return 27.0000 over 500 steps success=0
Eval episode 938 finished with return 46.0000 over 500 steps success=0
Eval episode 939 finished with return 50.0000 over 500 steps success=0
Eval episode 940 finished with return 56.0000 over 500 steps success=0
Eval episode 941 finished with return 36.0000 over 500 steps success=0
Eval episode 942 finished with return 49.0000 over 500 steps success=0
Eval episode 943 finished with return 59.0000 over 500 steps success=1
Eval episode 944 finished with return 34.0000 over 500 steps success=0
Eval episode 945 finished with return 62.0000 over 500 steps success=1
Eval episode 946 finished with return 65.0000 over 500 steps success=0
Eval episode 947 finished with return 48.0000 over 500 steps success=0
Eval episode 948 finished with return 61.0000 over 500 steps success=0
Eval episode 949 finished with return 42.0000 over 500 steps success=0
Eval episode 950 finished with return 44.0000 over 500 steps success=0
Eval episode 951 finished with return 71.0000 over 500 steps success=0
Eval episode 952 finished with return 44.0000 over 500 steps success=0
Eval episode 953 finished with return 41.0000 over 500 steps success=0
Eval episode 954 finished with return 78.0000 over 500 steps success=1
Eval episode 955 finished with return 36.0000 over 500 steps success=0
Eval episode 956 finished with return 58.0000 over 500 steps success=0
Eval episode 957 finished with return 46.0000 over 500 steps success=0
Eval episode 958 finished with return 36.0000 over 500 steps success=0
Eval episode 959 finished with return 35.0000 over 500 steps success=0
Eval episode 960 finished with return 59.0000 over 500 steps success=0
Eval episode 961 finished with return 53.0000 over 500 steps success=0
Eval episode 962 finished with return 45.0000 over 500 steps success=0
Eval episode 963 finished with return 54.0000 over 500 steps success=0
Eval episode 964 finished with return 58.0000 over 500 steps success=0
Eval episode 965 finished with return 58.0000 over 500 steps success=0
Eval episode 966 finished with return 44.0000 over 500 steps success=1
Eval episode 967 finished with return 57.0000 over 500 steps success=0
Eval episode 968 finished with return 56.0000 over 500 steps success=0
Eval episode 969 finished with return 45.0000 over 500 steps success=0
Eval episode 970 finished with return 58.0000 over 500 steps success=0
Eval episode 971 finished with return 45.0000 over 500 steps success=0
Eval episode 972 finished with return 48.0000 over 500 steps success=1
Eval episode 973 finished with return 31.0000 over 500 steps success=0
Eval episode 974 finished with return 54.0000 over 500 steps success=0
Eval episode 975 finished with return 50.0000 over 500 steps success=0
Eval episode 976 finished with return 52.0000 over 500 steps success=0
Eval episode 977 finished with return 89.0000 over 500 steps success=0
Eval episode 978 finished with return 68.0000 over 500 steps success=0
Eval episode 979 finished with return 46.0000 over 500 steps success=0
Eval episode 980 finished with return 40.0000 over 500 steps success=0
Eval episode 981 finished with return 39.0000 over 500 steps success=0
Eval episode 982 finished with return 59.0000 over 500 steps success=0
Eval episode 983 finished with return 65.0000 over 500 steps success=0
Eval episode 984 finished with return 44.0000 over 500 steps success=0
Eval episode 985 finished with return 51.0000 over 500 steps success=0
Eval episode 986 finished with return 52.0000 over 500 steps success=0
Eval episode 987 finished with return 70.0000 over 500 steps success=0
Eval episode 988 finished with return 61.0000 over 500 steps success=0
Eval episode 989 finished with return 42.0000 over 500 steps success=0
Eval episode 990 finished with return 33.0000 over 500 steps success=0
Eval episode 991 finished with return 45.0000 over 500 steps success=0
Eval episode 992 finished with return 36.0000 over 500 steps success=0
Eval episode 993 finished with return 52.0000 over 500 steps success=0
Eval episode 994 finished with return 58.0000 over 500 steps success=0
Eval episode 995 finished with return 42.0000 over 500 steps success=0
Eval episode 996 finished with return 40.0000 over 500 steps success=0
Eval episode 997 finished with return 51.0000 over 500 steps success=0
Eval episode 998 finished with return 39.0000 over 500 steps success=0
Eval episode 999 finished with return 38.0000 over 500 steps success=0
Eval episode 1000 finished with return 33.0000 over 500 steps success=0
Eval summary: success_rate=0.0790 (79/1000), visualized=10
Saved eval summary: /home/y/Simer/exam/train_dmcontrol_dreamerv3_ball_in_cup_release_30k/output/eval/step_0025000/eval_summary.json
Saved checkpoint: policy.ckpt
step=25200 episode=50 return=22.0000 length=200
step=25400 episode=50 return=30.0000 length=400
step=25600 episode=51 return=10.0000 length=100
step=25800 episode=51 return=21.0000 length=300
step=26000 episode=51 return=21.0000 length=500
step=26200 episode=52 return=6.0000 length=200
step=26400 episode=52 return=6.0000 length=400
step=26600 episode=53 return=6.0000 length=100
step=26800 episode=53 return=6.0000 length=300
step=27000 episode=53 return=6.0000 length=500
step=27200 episode=54 return=0.0000 length=200
step=27400 episode=54 return=55.0000 length=400
step=27600 episode=55 return=96.0000 length=100
step=27800 episode=55 return=296.0000 length=300
step=28000 episode=55 return=496.0000 length=500
step=28200 episode=56 return=196.0000 length=200
step=28400 episode=56 return=396.0000 length=400
step=28600 episode=57 return=96.0000 length=100
step=28800 episode=57 return=296.0000 length=300
step=29000 episode=57 return=496.0000 length=500
step=29200 episode=58 return=196.0000 length=200
step=29400 episode=58 return=396.0000 length=400
step=29600 episode=59 return=96.0000 length=100
step=29800 episode=59 return=296.0000 length=300
step=30000 episode=59 return=496.0000 length=500
Running evaluation at step=30000 ...
Eval episode 1 finished with return 495.0000 over 500 steps success=1
Eval episode 2 finished with return 495.0000 over 500 steps success=1
Eval episode 3 finished with return 495.0000 over 500 steps success=1
Eval episode 4 finished with return 495.0000 over 500 steps success=1
Eval episode 5 finished with return 495.0000 over 500 steps success=1
Eval episode 6 finished with return 495.0000 over 500 steps success=1
Eval episode 7 finished with return 495.0000 over 500 steps success=1
Eval episode 8 finished with return 495.0000 over 500 steps success=1
Eval episode 9 finished with return 495.0000 over 500 steps success=1
Eval episode 10 finished with return 495.0000 over 500 steps success=1
Eval episode 11 finished with return 495.0000 over 500 steps success=1
Eval episode 12 finished with return 495.0000 over 500 steps success=1
Eval episode 13 finished with return 495.0000 over 500 steps success=1
Eval episode 14 finished with return 495.0000 over 500 steps success=1
Eval episode 15 finished with return 495.0000 over 500 steps success=1
Eval episode 16 finished with return 495.0000 over 500 steps success=1
Eval episode 17 finished with return 495.0000 over 500 steps success=1
Eval episode 18 finished with return 495.0000 over 500 steps success=1
Eval episode 19 finished with return 495.0000 over 500 steps success=1
Eval episode 20 finished with return 495.0000 over 500 steps success=1
Eval episode 21 finished with return 495.0000 over 500 steps success=1
Eval episode 22 finished with return 495.0000 over 500 steps success=1
Eval episode 23 finished with return 495.0000 over 500 steps success=1
Eval episode 24 finished with return 495.0000 over 500 steps success=1
Eval episode 25 finished with return 495.0000 over 500 steps success=1
Eval episode 26 finished with return 495.0000 over 500 steps success=1
Eval episode 27 finished with return 495.0000 over 500 steps success=1
Eval episode 28 finished with return 495.0000 over 500 steps success=1
Eval episode 29 finished with return 495.0000 over 500 steps success=1
Eval episode 30 finished with return 495.0000 over 500 steps success=1
Eval episode 31 finished with return 495.0000 over 500 steps success=1
Eval episode 32 finished with return 495.0000 over 500 steps success=1
Eval episode 33 finished with return 495.0000 over 500 steps success=1
Eval episode 34 finished with return 495.0000 over 500 steps success=1
Eval episode 35 finished with return 495.0000 over 500 steps success=1
Eval episode 36 finished with return 495.0000 over 500 steps success=1
Eval episode 37 finished with return 495.0000 over 500 steps success=1
Eval episode 38 finished with return 495.0000 over 500 steps success=1
Eval episode 39 finished with return 495.0000 over 500 steps success=1
Eval episode 40 finished with return 495.0000 over 500 steps success=1
Eval episode 41 finished with return 495.0000 over 500 steps success=1
Eval episode 42 finished with return 495.0000 over 500 steps success=1
Eval episode 43 finished with return 495.0000 over 500 steps success=1
Eval episode 44 finished with return 495.0000 over 500 steps success=1
Eval episode 45 finished with return 495.0000 over 500 steps success=1
Eval episode 46 finished with return 495.0000 over 500 steps success=1
Eval episode 47 finished with return 495.0000 over 500 steps success=1
Eval episode 48 finished with return 495.0000 over 500 steps success=1
Eval episode 49 finished with return 495.0000 over 500 steps success=1
Eval episode 50 finished with return 495.0000 over 500 steps success=1
Eval episode 51 finished with return 495.0000 over 500 steps success=1
Eval episode 52 finished with return 495.0000 over 500 steps success=1
Eval episode 53 finished with return 495.0000 over 500 steps success=1
Eval episode 54 finished with return 495.0000 over 500 steps success=1
Eval episode 55 finished with return 495.0000 over 500 steps success=1
Eval episode 56 finished with return 495.0000 over 500 steps success=1
Eval episode 57 finished with return 495.0000 over 500 steps success=1
Eval episode 58 finished with return 495.0000 over 500 steps success=1
Eval episode 59 finished with return 495.0000 over 500 steps success=1
Eval episode 60 finished with return 495.0000 over 500 steps success=1
Eval episode 61 finished with return 495.0000 over 500 steps success=1
Eval episode 62 finished with return 495.0000 over 500 steps success=1
Eval episode 63 finished with return 495.0000 over 500 steps success=1
Eval episode 64 finished with return 495.0000 over 500 steps success=1
Eval episode 65 finished with return 495.0000 over 500 steps success=1
Eval episode 66 finished with return 495.0000 over 500 steps success=1
Eval episode 67 finished with return 495.0000 over 500 steps success=1
Eval episode 68 finished with return 495.0000 over 500 steps success=1
Eval episode 69 finished with return 495.0000 over 500 steps success=1
Eval episode 70 finished with return 495.0000 over 500 steps success=1
Eval episode 71 finished with return 495.0000 over 500 steps success=1
Eval episode 72 finished with return 495.0000 over 500 steps success=1
Eval episode 73 finished with return 495.0000 over 500 steps success=1
Eval episode 74 finished with return 495.0000 over 500 steps success=1
Eval episode 75 finished with return 495.0000 over 500 steps success=1
Eval episode 76 finished with return 495.0000 over 500 steps success=1
Eval episode 77 finished with return 495.0000 over 500 steps success=1
Eval episode 78 finished with return 495.0000 over 500 steps success=1
Eval episode 79 finished with return 495.0000 over 500 steps success=1
Eval episode 80 finished with return 495.0000 over 500 steps success=1
Eval episode 81 finished with return 495.0000 over 500 steps success=1
Eval episode 82 finished with return 495.0000 over 500 steps success=1
Eval episode 83 finished with return 495.0000 over 500 steps success=1
Eval episode 84 finished with return 495.0000 over 500 steps success=1
Eval episode 85 finished with return 495.0000 over 500 steps success=1
Eval episode 86 finished with return 495.0000 over 500 steps success=1
Eval episode 87 finished with return 495.0000 over 500 steps success=1
Eval episode 88 finished with return 495.0000 over 500 steps success=1
Eval episode 89 finished with return 495.0000 over 500 steps success=1
Eval episode 90 finished with return 495.0000 over 500 steps success=1
Eval episode 91 finished with return 495.0000 over 500 steps success=1
Eval episode 92 finished with return 495.0000 over 500 steps success=1
Eval episode 93 finished with return 495.0000 over 500 steps success=1
Eval episode 94 finished with return 495.0000 over 500 steps success=1
Eval episode 95 finished with return 495.0000 over 500 steps success=1
Eval episode 96 finished with return 495.0000 over 500 steps success=1
Eval episode 97 finished with return 495.0000 over 500 steps success=1
Eval episode 98 finished with return 495.0000 over 500 steps success=1
Eval episode 99 finished with return 495.0000 over 500 steps success=1
Eval episode 100 finished with return 495.0000 over 500 steps success=1
Eval episode 101 finished with return 495.0000 over 500 steps success=1
Eval episode 102 finished with return 495.0000 over 500 steps success=1
Eval episode 103 finished with return 495.0000 over 500 steps success=1
Eval episode 104 finished with return 495.0000 over 500 steps success=1
Eval episode 105 finished with return 495.0000 over 500 steps success=1
Eval episode 106 finished with return 495.0000 over 500 steps success=1
Eval episode 107 finished with return 495.0000 over 500 steps success=1
Eval episode 108 finished with return 495.0000 over 500 steps success=1
Eval episode 109 finished with return 495.0000 over 500 steps success=1
Eval episode 110 finished with return 495.0000 over 500 steps success=1
Eval episode 111 finished with return 495.0000 over 500 steps success=1
Eval episode 112 finished with return 495.0000 over 500 steps success=1
Eval episode 113 finished with return 495.0000 over 500 steps success=1
Eval episode 114 finished with return 495.0000 over 500 steps success=1
Eval episode 115 finished with return 495.0000 over 500 steps success=1
Eval episode 116 finished with return 495.0000 over 500 steps success=1
Eval episode 117 finished with return 495.0000 over 500 steps success=1
Eval episode 118 finished with return 495.0000 over 500 steps success=1
Eval episode 119 finished with return 495.0000 over 500 steps success=1
Eval episode 120 finished with return 495.0000 over 500 steps success=1
Eval episode 121 finished with return 495.0000 over 500 steps success=1
Eval episode 122 finished with return 495.0000 over 500 steps success=1
Eval episode 123 finished with return 495.0000 over 500 steps success=1
Eval episode 124 finished with return 495.0000 over 500 steps success=1
Eval episode 125 finished with return 495.0000 over 500 steps success=1
Eval episode 126 finished with return 495.0000 over 500 steps success=1
Eval episode 127 finished with return 495.0000 over 500 steps success=1
Eval episode 128 finished with return 495.0000 over 500 steps success=1
Eval episode 129 finished with return 495.0000 over 500 steps success=1
Eval episode 130 finished with return 495.0000 over 500 steps success=1
Eval episode 131 finished with return 495.0000 over 500 steps success=1
Eval episode 132 finished with return 495.0000 over 500 steps success=1
Eval episode 133 finished with return 495.0000 over 500 steps success=1
Eval episode 134 finished with return 495.0000 over 500 steps success=1
Eval episode 135 finished with return 495.0000 over 500 steps success=1
Eval episode 136 finished with return 495.0000 over 500 steps success=1
Eval episode 137 finished with return 495.0000 over 500 steps success=1
Eval episode 138 finished with return 495.0000 over 500 steps success=1
Eval episode 139 finished with return 495.0000 over 500 steps success=1
Eval episode 140 finished with return 495.0000 over 500 steps success=1
Eval episode 141 finished with return 495.0000 over 500 steps success=1
Eval episode 142 finished with return 495.0000 over 500 steps success=1
Eval episode 143 finished with return 495.0000 over 500 steps success=1
Eval episode 144 finished with return 495.0000 over 500 steps success=1
Eval episode 145 finished with return 495.0000 over 500 steps success=1
Eval episode 146 finished with return 495.0000 over 500 steps success=1
Eval episode 147 finished with return 495.0000 over 500 steps success=1
Eval episode 148 finished with return 495.0000 over 500 steps success=1
Eval episode 149 finished with return 495.0000 over 500 steps success=1
Eval episode 150 finished with return 495.0000 over 500 steps success=1
Eval episode 151 finished with return 495.0000 over 500 steps success=1
Eval episode 152 finished with return 495.0000 over 500 steps success=1
Eval episode 153 finished with return 495.0000 over 500 steps success=1
Eval episode 154 finished with return 495.0000 over 500 steps success=1
Eval episode 155 finished with return 495.0000 over 500 steps success=1
Eval episode 156 finished with return 495.0000 over 500 steps success=1
Eval episode 157 finished with return 495.0000 over 500 steps success=1
Eval episode 158 finished with return 495.0000 over 500 steps success=1
Eval episode 159 finished with return 495.0000 over 500 steps success=1
Eval episode 160 finished with return 495.0000 over 500 steps success=1
Eval episode 161 finished with return 495.0000 over 500 steps success=1
Eval episode 162 finished with return 495.0000 over 500 steps success=1
Eval episode 163 finished with return 495.0000 over 500 steps success=1
Eval episode 164 finished with return 495.0000 over 500 steps success=1
Eval episode 165 finished with return 495.0000 over 500 steps success=1
Eval episode 166 finished with return 495.0000 over 500 steps success=1
Eval episode 167 finished with return 495.0000 over 500 steps success=1
Eval episode 168 finished with return 495.0000 over 500 steps success=1
Eval episode 169 finished with return 495.0000 over 500 steps success=1
Eval episode 170 finished with return 495.0000 over 500 steps success=1
Eval episode 171 finished with return 495.0000 over 500 steps success=1
Eval episode 172 finished with return 495.0000 over 500 steps success=1
Eval episode 173 finished with return 495.0000 over 500 steps success=1
Eval episode 174 finished with return 495.0000 over 500 steps success=1
Eval episode 175 finished with return 495.0000 over 500 steps success=1
Eval episode 176 finished with return 495.0000 over 500 steps success=1
Eval episode 177 finished with return 495.0000 over 500 steps success=1
Eval episode 178 finished with return 495.0000 over 500 steps success=1
Eval episode 179 finished with return 495.0000 over 500 steps success=1
Eval episode 180 finished with return 495.0000 over 500 steps success=1
Eval episode 181 finished with return 495.0000 over 500 steps success=1
Eval episode 182 finished with return 495.0000 over 500 steps success=1
Eval episode 183 finished with return 495.0000 over 500 steps success=1
Eval episode 184 finished with return 495.0000 over 500 steps success=1
Eval episode 185 finished with return 495.0000 over 500 steps success=1
Eval episode 186 finished with return 495.0000 over 500 steps success=1
Eval episode 187 finished with return 495.0000 over 500 steps success=1
Eval episode 188 finished with return 495.0000 over 500 steps success=1
Eval episode 189 finished with return 495.0000 over 500 steps success=1
Eval episode 190 finished with return 495.0000 over 500 steps success=1
Eval episode 191 finished with return 495.0000 over 500 steps success=1
Eval episode 192 finished with return 495.0000 over 500 steps success=1
Eval episode 193 finished with return 495.0000 over 500 steps success=1
Eval episode 194 finished with return 495.0000 over 500 steps success=1
Eval episode 195 finished with return 495.0000 over 500 steps success=1
Eval episode 196 finished with return 495.0000 over 500 steps success=1
Eval episode 197 finished with return 495.0000 over 500 steps success=1
Eval episode 198 finished with return 495.0000 over 500 steps success=1
Eval episode 199 finished with return 495.0000 over 500 steps success=1
Eval episode 200 finished with return 495.0000 over 500 steps success=1
Eval episode 201 finished with return 495.0000 over 500 steps success=1
Eval episode 202 finished with return 495.0000 over 500 steps success=1
Eval episode 203 finished with return 495.0000 over 500 steps success=1
Eval episode 204 finished with return 495.0000 over 500 steps success=1
Eval episode 205 finished with return 495.0000 over 500 steps success=1
Eval episode 206 finished with return 495.0000 over 500 steps success=1
Eval episode 207 finished with return 495.0000 over 500 steps success=1
Eval episode 208 finished with return 495.0000 over 500 steps success=1
Eval episode 209 finished with return 495.0000 over 500 steps success=1
Eval episode 210 finished with return 495.0000 over 500 steps success=1
Eval episode 211 finished with return 495.0000 over 500 steps success=1
Eval episode 212 finished with return 495.0000 over 500 steps success=1
Eval episode 213 finished with return 495.0000 over 500 steps success=1
Eval episode 214 finished with return 495.0000 over 500 steps success=1
Eval episode 215 finished with return 495.0000 over 500 steps success=1
Eval episode 216 finished with return 495.0000 over 500 steps success=1
Eval episode 217 finished with return 495.0000 over 500 steps success=1
Eval episode 218 finished with return 495.0000 over 500 steps success=1
Eval episode 219 finished with return 495.0000 over 500 steps success=1
Eval episode 220 finished with return 495.0000 over 500 steps success=1
Eval episode 221 finished with return 495.0000 over 500 steps success=1
Eval episode 222 finished with return 495.0000 over 500 steps success=1
Eval episode 223 finished with return 495.0000 over 500 steps success=1
Eval episode 224 finished with return 495.0000 over 500 steps success=1
Eval episode 225 finished with return 495.0000 over 500 steps success=1
Eval episode 226 finished with return 495.0000 over 500 steps success=1
Eval episode 227 finished with return 495.0000 over 500 steps success=1
Eval episode 228 finished with return 495.0000 over 500 steps success=1
Eval episode 229 finished with return 495.0000 over 500 steps success=1
Eval episode 230 finished with return 495.0000 over 500 steps success=1
Eval episode 231 finished with return 495.0000 over 500 steps success=1
Eval episode 232 finished with return 495.0000 over 500 steps success=1
Eval episode 233 finished with return 495.0000 over 500 steps success=1
Eval episode 234 finished with return 495.0000 over 500 steps success=1
Eval episode 235 finished with return 495.0000 over 500 steps success=1
Eval episode 236 finished with return 495.0000 over 500 steps success=1
Eval episode 237 finished with return 495.0000 over 500 steps success=1
Eval episode 238 finished with return 495.0000 over 500 steps success=1
Eval episode 239 finished with return 495.0000 over 500 steps success=1
Eval episode 240 finished with return 495.0000 over 500 steps success=1
Eval episode 241 finished with return 495.0000 over 500 steps success=1
Eval episode 242 finished with return 495.0000 over 500 steps success=1
Eval episode 243 finished with return 495.0000 over 500 steps success=1
Eval episode 244 finished with return 495.0000 over 500 steps success=1
Eval episode 245 finished with return 495.0000 over 500 steps success=1
Eval episode 246 finished with return 495.0000 over 500 steps success=1
Eval episode 247 finished with return 495.0000 over 500 steps success=1
Eval episode 248 finished with return 495.0000 over 500 steps success=1
Eval episode 249 finished with return 495.0000 over 500 steps success=1
Eval episode 250 finished with return 495.0000 over 500 steps success=1
Eval episode 251 finished with return 495.0000 over 500 steps success=1
Eval episode 252 finished with return 495.0000 over 500 steps success=1
Eval episode 253 finished with return 495.0000 over 500 steps success=1
Eval episode 254 finished with return 495.0000 over 500 steps success=1
Eval episode 255 finished with return 495.0000 over 500 steps success=1
Eval episode 256 finished with return 495.0000 over 500 steps success=1
Eval episode 257 finished with return 495.0000 over 500 steps success=1
Eval episode 258 finished with return 495.0000 over 500 steps success=1
Eval episode 259 finished with return 495.0000 over 500 steps success=1
Eval episode 260 finished with return 495.0000 over 500 steps success=1
Eval episode 261 finished with return 495.0000 over 500 steps success=1
Eval episode 262 finished with return 495.0000 over 500 steps success=1
Eval episode 263 finished with return 495.0000 over 500 steps success=1
Eval episode 264 finished with return 495.0000 over 500 steps success=1
Eval episode 265 finished with return 495.0000 over 500 steps success=1
Eval episode 266 finished with return 495.0000 over 500 steps success=1
Eval episode 267 finished with return 495.0000 over 500 steps success=1
Eval episode 268 finished with return 495.0000 over 500 steps success=1
Eval episode 269 finished with return 495.0000 over 500 steps success=1
Eval episode 270 finished with return 495.0000 over 500 steps success=1
Eval episode 271 finished with return 495.0000 over 500 steps success=1
Eval episode 272 finished with return 495.0000 over 500 steps success=1
Eval episode 273 finished with return 495.0000 over 500 steps success=1
Eval episode 274 finished with return 495.0000 over 500 steps success=1
Eval episode 275 finished with return 495.0000 over 500 steps success=1
Eval episode 276 finished with return 495.0000 over 500 steps success=1
Eval episode 277 finished with return 495.0000 over 500 steps success=1
Eval episode 278 finished with return 495.0000 over 500 steps success=1
Eval episode 279 finished with return 495.0000 over 500 steps success=1
Eval episode 280 finished with return 495.0000 over 500 steps success=1
Eval episode 281 finished with return 495.0000 over 500 steps success=1
Eval episode 282 finished with return 495.0000 over 500 steps success=1
Eval episode 283 finished with return 495.0000 over 500 steps success=1
Eval episode 284 finished with return 495.0000 over 500 steps success=1
Eval episode 285 finished with return 495.0000 over 500 steps success=1
Eval episode 286 finished with return 495.0000 over 500 steps success=1
Eval episode 287 finished with return 495.0000 over 500 steps success=1
Eval episode 288 finished with return 495.0000 over 500 steps success=1
Eval episode 289 finished with return 495.0000 over 500 steps success=1
Eval episode 290 finished with return 495.0000 over 500 steps success=1
Eval episode 291 finished with return 495.0000 over 500 steps success=1
Eval episode 292 finished with return 495.0000 over 500 steps success=1
Eval episode 293 finished with return 495.0000 over 500 steps success=1
Eval episode 294 finished with return 495.0000 over 500 steps success=1
Eval episode 295 finished with return 495.0000 over 500 steps success=1
Eval episode 296 finished with return 495.0000 over 500 steps success=1
Eval episode 297 finished with return 495.0000 over 500 steps success=1
Eval episode 298 finished with return 495.0000 over 500 steps success=1
Eval episode 299 finished with return 495.0000 over 500 steps success=1
Eval episode 300 finished with return 495.0000 over 500 steps success=1
Eval episode 301 finished with return 495.0000 over 500 steps success=1
Eval episode 302 finished with return 495.0000 over 500 steps success=1
Eval episode 303 finished with return 495.0000 over 500 steps success=1
Eval episode 304 finished with return 495.0000 over 500 steps success=1
Eval episode 305 finished with return 495.0000 over 500 steps success=1
Eval episode 306 finished with return 495.0000 over 500 steps success=1
Eval episode 307 finished with return 495.0000 over 500 steps success=1
Eval episode 308 finished with return 495.0000 over 500 steps success=1
Eval episode 309 finished with return 495.0000 over 500 steps success=1
Eval episode 310 finished with return 495.0000 over 500 steps success=1
Eval episode 311 finished with return 495.0000 over 500 steps success=1
Eval episode 312 finished with return 495.0000 over 500 steps success=1
Eval episode 313 finished with return 495.0000 over 500 steps success=1
Eval episode 314 finished with return 495.0000 over 500 steps success=1
Eval episode 315 finished with return 495.0000 over 500 steps success=1
Eval episode 316 finished with return 495.0000 over 500 steps success=1
Eval episode 317 finished with return 495.0000 over 500 steps success=1
Eval episode 318 finished with return 495.0000 over 500 steps success=1
Eval episode 319 finished with return 495.0000 over 500 steps success=1
Eval episode 320 finished with return 495.0000 over 500 steps success=1
Eval episode 321 finished with return 495.0000 over 500 steps success=1
Eval episode 322 finished with return 495.0000 over 500 steps success=1
Eval episode 323 finished with return 495.0000 over 500 steps success=1
Eval episode 324 finished with return 495.0000 over 500 steps success=1
Eval episode 325 finished with return 495.0000 over 500 steps success=1
Eval episode 326 finished with return 495.0000 over 500 steps success=1
Eval episode 327 finished with return 495.0000 over 500 steps success=1
Eval episode 328 finished with return 495.0000 over 500 steps success=1
Eval episode 329 finished with return 495.0000 over 500 steps success=1
Eval episode 330 finished with return 495.0000 over 500 steps success=1
Eval episode 331 finished with return 495.0000 over 500 steps success=1
Eval episode 332 finished with return 495.0000 over 500 steps success=1
Eval episode 333 finished with return 495.0000 over 500 steps success=1
Eval episode 334 finished with return 495.0000 over 500 steps success=1
Eval episode 335 finished with return 495.0000 over 500 steps success=1
Eval episode 336 finished with return 495.0000 over 500 steps success=1
Eval episode 337 finished with return 495.0000 over 500 steps success=1
Eval episode 338 finished with return 495.0000 over 500 steps success=1
Eval episode 339 finished with return 495.0000 over 500 steps success=1
Eval episode 340 finished with return 495.0000 over 500 steps success=1
Eval episode 341 finished with return 495.0000 over 500 steps success=1
Eval episode 342 finished with return 495.0000 over 500 steps success=1
Eval episode 343 finished with return 495.0000 over 500 steps success=1
Eval episode 344 finished with return 495.0000 over 500 steps success=1
Eval episode 345 finished with return 495.0000 over 500 steps success=1
Eval episode 346 finished with return 495.0000 over 500 steps success=1
Eval episode 347 finished with return 495.0000 over 500 steps success=1
Eval episode 348 finished with return 495.0000 over 500 steps success=1
Eval episode 349 finished with return 495.0000 over 500 steps success=1
Eval episode 350 finished with return 495.0000 over 500 steps success=1
Eval episode 351 finished with return 495.0000 over 500 steps success=1
Eval episode 352 finished with return 495.0000 over 500 steps success=1
Eval episode 353 finished with return 495.0000 over 500 steps success=1
Eval episode 354 finished with return 495.0000 over 500 steps success=1
Eval episode 355 finished with return 495.0000 over 500 steps success=1
Eval episode 356 finished with return 495.0000 over 500 steps success=1
Eval episode 357 finished with return 495.0000 over 500 steps success=1
Eval episode 358 finished with return 495.0000 over 500 steps success=1
Eval episode 359 finished with return 495.0000 over 500 steps success=1
Eval episode 360 finished with return 495.0000 over 500 steps success=1
Eval episode 361 finished with return 495.0000 over 500 steps success=1
Eval episode 362 finished with return 495.0000 over 500 steps success=1
Eval episode 363 finished with return 495.0000 over 500 steps success=1
Eval episode 364 finished with return 495.0000 over 500 steps success=1
Eval episode 365 finished with return 495.0000 over 500 steps success=1
Eval episode 366 finished with return 495.0000 over 500 steps success=1
Eval episode 367 finished with return 495.0000 over 500 steps success=1
Eval episode 368 finished with return 495.0000 over 500 steps success=1
Eval episode 369 finished with return 495.0000 over 500 steps success=1
Eval episode 370 finished with return 495.0000 over 500 steps success=1
Eval episode 371 finished with return 495.0000 over 500 steps success=1
Eval episode 372 finished with return 495.0000 over 500 steps success=1
Eval episode 373 finished with return 495.0000 over 500 steps success=1
Eval episode 374 finished with return 495.0000 over 500 steps success=1
Eval episode 375 finished with return 495.0000 over 500 steps success=1
Eval episode 376 finished with return 495.0000 over 500 steps success=1
Eval episode 377 finished with return 495.0000 over 500 steps success=1
Eval episode 378 finished with return 495.0000 over 500 steps success=1
Eval episode 379 finished with return 495.0000 over 500 steps success=1
Eval episode 380 finished with return 495.0000 over 500 steps success=1
Eval episode 381 finished with return 495.0000 over 500 steps success=1
Eval episode 382 finished with return 495.0000 over 500 steps success=1
Eval episode 383 finished with return 495.0000 over 500 steps success=1
Eval episode 384 finished with return 495.0000 over 500 steps success=1
Eval episode 385 finished with return 495.0000 over 500 steps success=1
Eval episode 386 finished with return 495.0000 over 500 steps success=1
Eval episode 387 finished with return 495.0000 over 500 steps success=1
Eval episode 388 finished with return 495.0000 over 500 steps success=1
Eval episode 389 finished with return 495.0000 over 500 steps success=1
Eval episode 390 finished with return 495.0000 over 500 steps success=1
Eval episode 391 finished with return 495.0000 over 500 steps success=1
Eval episode 392 finished with return 495.0000 over 500 steps success=1
Eval episode 393 finished with return 495.0000 over 500 steps success=1
Eval episode 394 finished with return 495.0000 over 500 steps success=1
Eval episode 395 finished with return 495.0000 over 500 steps success=1
Eval episode 396 finished with return 495.0000 over 500 steps success=1
Eval episode 397 finished with return 495.0000 over 500 steps success=1
Eval episode 398 finished with return 495.0000 over 500 steps success=1
Eval episode 399 finished with return 495.0000 over 500 steps success=1
Eval episode 400 finished with return 495.0000 over 500 steps success=1
Eval episode 401 finished with return 495.0000 over 500 steps success=1
Eval episode 402 finished with return 495.0000 over 500 steps success=1
Eval episode 403 finished with return 495.0000 over 500 steps success=1
Eval episode 404 finished with return 495.0000 over 500 steps success=1
Eval episode 405 finished with return 495.0000 over 500 steps success=1
Eval episode 406 finished with return 495.0000 over 500 steps success=1
Eval episode 407 finished with return 495.0000 over 500 steps success=1
Eval episode 408 finished with return 495.0000 over 500 steps success=1
Eval episode 409 finished with return 495.0000 over 500 steps success=1
Eval episode 410 finished with return 495.0000 over 500 steps success=1
Eval episode 411 finished with return 495.0000 over 500 steps success=1
Eval episode 412 finished with return 495.0000 over 500 steps success=1
Eval episode 413 finished with return 495.0000 over 500 steps success=1
Eval episode 414 finished with return 495.0000 over 500 steps success=1
Eval episode 415 finished with return 495.0000 over 500 steps success=1
Eval episode 416 finished with return 495.0000 over 500 steps success=1
Eval episode 417 finished with return 495.0000 over 500 steps success=1
Eval episode 418 finished with return 495.0000 over 500 steps success=1
Eval episode 419 finished with return 495.0000 over 500 steps success=1
Eval episode 420 finished with return 495.0000 over 500 steps success=1
Eval episode 421 finished with return 495.0000 over 500 steps success=1
Eval episode 422 finished with return 495.0000 over 500 steps success=1
Eval episode 423 finished with return 495.0000 over 500 steps success=1
Eval episode 424 finished with return 495.0000 over 500 steps success=1
Eval episode 425 finished with return 495.0000 over 500 steps success=1
Eval episode 426 finished with return 495.0000 over 500 steps success=1
Eval episode 427 finished with return 495.0000 over 500 steps success=1
Eval episode 428 finished with return 495.0000 over 500 steps success=1
Eval episode 429 finished with return 495.0000 over 500 steps success=1
Eval episode 430 finished with return 495.0000 over 500 steps success=1
Eval episode 431 finished with return 495.0000 over 500 steps success=1
Eval episode 432 finished with return 495.0000 over 500 steps success=1
Eval episode 433 finished with return 495.0000 over 500 steps success=1
Eval episode 434 finished with return 495.0000 over 500 steps success=1
Eval episode 435 finished with return 495.0000 over 500 steps success=1
Eval episode 436 finished with return 495.0000 over 500 steps success=1
Eval episode 437 finished with return 495.0000 over 500 steps success=1
Eval episode 438 finished with return 495.0000 over 500 steps success=1
Eval episode 439 finished with return 495.0000 over 500 steps success=1
Eval episode 440 finished with return 495.0000 over 500 steps success=1
Eval episode 441 finished with return 495.0000 over 500 steps success=1
Eval episode 442 finished with return 495.0000 over 500 steps success=1
Eval episode 443 finished with return 495.0000 over 500 steps success=1
Eval episode 444 finished with return 495.0000 over 500 steps success=1
Eval episode 445 finished with return 495.0000 over 500 steps success=1
Eval episode 446 finished with return 495.0000 over 500 steps success=1
Eval episode 447 finished with return 495.0000 over 500 steps success=1
Eval episode 448 finished with return 495.0000 over 500 steps success=1
Eval episode 449 finished with return 495.0000 over 500 steps success=1
Eval episode 450 finished with return 495.0000 over 500 steps success=1
Eval episode 451 finished with return 495.0000 over 500 steps success=1
Eval episode 452 finished with return 495.0000 over 500 steps success=1
Eval episode 453 finished with return 495.0000 over 500 steps success=1
Eval episode 454 finished with return 495.0000 over 500 steps success=1
Eval episode 455 finished with return 495.0000 over 500 steps success=1
Eval episode 456 finished with return 495.0000 over 500 steps success=1
Eval episode 457 finished with return 495.0000 over 500 steps success=1
Eval episode 458 finished with return 495.0000 over 500 steps success=1
Eval episode 459 finished with return 495.0000 over 500 steps success=1
Eval episode 460 finished with return 495.0000 over 500 steps success=1
Eval episode 461 finished with return 495.0000 over 500 steps success=1
Eval episode 462 finished with return 495.0000 over 500 steps success=1
Eval episode 463 finished with return 495.0000 over 500 steps success=1
Eval episode 464 finished with return 495.0000 over 500 steps success=1
Eval episode 465 finished with return 495.0000 over 500 steps success=1
Eval episode 466 finished with return 495.0000 over 500 steps success=1
Eval episode 467 finished with return 495.0000 over 500 steps success=1
Eval episode 468 finished with return 495.0000 over 500 steps success=1
Eval episode 469 finished with return 495.0000 over 500 steps success=1
Eval episode 470 finished with return 495.0000 over 500 steps success=1
Eval episode 471 finished with return 495.0000 over 500 steps success=1
Eval episode 472 finished with return 495.0000 over 500 steps success=1
Eval episode 473 finished with return 495.0000 over 500 steps success=1
Eval episode 474 finished with return 495.0000 over 500 steps success=1
Eval episode 475 finished with return 495.0000 over 500 steps success=1
Eval episode 476 finished with return 495.0000 over 500 steps success=1
Eval episode 477 finished with return 495.0000 over 500 steps success=1
Eval episode 478 finished with return 495.0000 over 500 steps success=1
Eval episode 479 finished with return 495.0000 over 500 steps success=1
Eval episode 480 finished with return 495.0000 over 500 steps success=1
Eval episode 481 finished with return 495.0000 over 500 steps success=1
Eval episode 482 finished with return 495.0000 over 500 steps success=1
Eval episode 483 finished with return 495.0000 over 500 steps success=1
Eval episode 484 finished with return 495.0000 over 500 steps success=1
Eval episode 485 finished with return 495.0000 over 500 steps success=1
Eval episode 486 finished with return 495.0000 over 500 steps success=1
Eval episode 487 finished with return 495.0000 over 500 steps success=1
Eval episode 488 finished with return 495.0000 over 500 steps success=1
Eval episode 489 finished with return 495.0000 over 500 steps success=1
Eval episode 490 finished with return 495.0000 over 500 steps success=1
Eval episode 491 finished with return 495.0000 over 500 steps success=1
Eval episode 492 finished with return 495.0000 over 500 steps success=1
Eval episode 493 finished with return 495.0000 over 500 steps success=1
Eval episode 494 finished with return 495.0000 over 500 steps success=1
Eval episode 495 finished with return 495.0000 over 500 steps success=1
Eval episode 496 finished with return 495.0000 over 500 steps success=1
Eval episode 497 finished with return 495.0000 over 500 steps success=1
Eval episode 498 finished with return 495.0000 over 500 steps success=1
Eval episode 499 finished with return 495.0000 over 500 steps success=1
Eval episode 500 finished with return 495.0000 over 500 steps success=1
Eval episode 501 finished with return 495.0000 over 500 steps success=1
Eval episode 502 finished with return 495.0000 over 500 steps success=1
Eval episode 503 finished with return 495.0000 over 500 steps success=1
Eval episode 504 finished with return 495.0000 over 500 steps success=1
Eval episode 505 finished with return 495.0000 over 500 steps success=1
Eval episode 506 finished with return 495.0000 over 500 steps success=1
Eval episode 507 finished with return 495.0000 over 500 steps success=1
Eval episode 508 finished with return 495.0000 over 500 steps success=1
Eval episode 509 finished with return 495.0000 over 500 steps success=1
Eval episode 510 finished with return 495.0000 over 500 steps success=1
Eval episode 511 finished with return 495.0000 over 500 steps success=1
Eval episode 512 finished with return 495.0000 over 500 steps success=1
Eval episode 513 finished with return 495.0000 over 500 steps success=1
Eval episode 514 finished with return 495.0000 over 500 steps success=1
Eval episode 515 finished with return 495.0000 over 500 steps success=1
Eval episode 516 finished with return 495.0000 over 500 steps success=1
Eval episode 517 finished with return 495.0000 over 500 steps success=1
Eval episode 518 finished with return 495.0000 over 500 steps success=1
Eval episode 519 finished with return 495.0000 over 500 steps success=1
Eval episode 520 finished with return 495.0000 over 500 steps success=1
Eval episode 521 finished with return 495.0000 over 500 steps success=1
Eval episode 522 finished with return 495.0000 over 500 steps success=1
Eval episode 523 finished with return 495.0000 over 500 steps success=1
Eval episode 524 finished with return 495.0000 over 500 steps success=1
Eval episode 525 finished with return 495.0000 over 500 steps success=1
Eval episode 526 finished with return 495.0000 over 500 steps success=1
Eval episode 527 finished with return 495.0000 over 500 steps success=1
Eval episode 528 finished with return 495.0000 over 500 steps success=1
Eval episode 529 finished with return 495.0000 over 500 steps success=1
Eval episode 530 finished with return 495.0000 over 500 steps success=1
Eval episode 531 finished with return 495.0000 over 500 steps success=1
Eval episode 532 finished with return 495.0000 over 500 steps success=1
Eval episode 533 finished with return 495.0000 over 500 steps success=1
Eval episode 534 finished with return 495.0000 over 500 steps success=1
Eval episode 535 finished with return 495.0000 over 500 steps success=1
Eval episode 536 finished with return 495.0000 over 500 steps success=1
Eval episode 537 finished with return 495.0000 over 500 steps success=1
Eval episode 538 finished with return 495.0000 over 500 steps success=1
Eval episode 539 finished with return 495.0000 over 500 steps success=1
Eval episode 540 finished with return 495.0000 over 500 steps success=1
Eval episode 541 finished with return 495.0000 over 500 steps success=1
Eval episode 542 finished with return 495.0000 over 500 steps success=1
Eval episode 543 finished with return 495.0000 over 500 steps success=1
Eval episode 544 finished with return 495.0000 over 500 steps success=1
Eval episode 545 finished with return 495.0000 over 500 steps success=1
Eval episode 546 finished with return 495.0000 over 500 steps success=1
Eval episode 547 finished with return 495.0000 over 500 steps success=1
Eval episode 548 finished with return 495.0000 over 500 steps success=1
Eval episode 549 finished with return 495.0000 over 500 steps success=1
Eval episode 550 finished with return 495.0000 over 500 steps success=1
Eval episode 551 finished with return 495.0000 over 500 steps success=1
Eval episode 552 finished with return 495.0000 over 500 steps success=1
Eval episode 553 finished with return 495.0000 over 500 steps success=1
Eval episode 554 finished with return 495.0000 over 500 steps success=1
Eval episode 555 finished with return 495.0000 over 500 steps success=1
Eval episode 556 finished with return 495.0000 over 500 steps success=1
Eval episode 557 finished with return 495.0000 over 500 steps success=1
Eval episode 558 finished with return 495.0000 over 500 steps success=1
Eval episode 559 finished with return 495.0000 over 500 steps success=1
Eval episode 560 finished with return 495.0000 over 500 steps success=1
Eval episode 561 finished with return 495.0000 over 500 steps success=1
Eval episode 562 finished with return 495.0000 over 500 steps success=1
Eval episode 563 finished with return 495.0000 over 500 steps success=1
Eval episode 564 finished with return 495.0000 over 500 steps success=1
Eval episode 565 finished with return 495.0000 over 500 steps success=1
Eval episode 566 finished with return 495.0000 over 500 steps success=1
Eval episode 567 finished with return 495.0000 over 500 steps success=1
Eval episode 568 finished with return 495.0000 over 500 steps success=1
Eval episode 569 finished with return 495.0000 over 500 steps success=1
Eval episode 570 finished with return 495.0000 over 500 steps success=1
Eval episode 571 finished with return 495.0000 over 500 steps success=1
Eval episode 572 finished with return 495.0000 over 500 steps success=1
Eval episode 573 finished with return 495.0000 over 500 steps success=1
Eval episode 574 finished with return 495.0000 over 500 steps success=1
Eval episode 575 finished with return 495.0000 over 500 steps success=1
Eval episode 576 finished with return 495.0000 over 500 steps success=1
Eval episode 577 finished with return 495.0000 over 500 steps success=1
Eval episode 578 finished with return 495.0000 over 500 steps success=1
Eval episode 579 finished with return 495.0000 over 500 steps success=1
Eval episode 580 finished with return 495.0000 over 500 steps success=1
Eval episode 581 finished with return 495.0000 over 500 steps success=1
Eval episode 582 finished with return 495.0000 over 500 steps success=1
Eval episode 583 finished with return 495.0000 over 500 steps success=1
Eval episode 584 finished with return 495.0000 over 500 steps success=1
Eval episode 585 finished with return 495.0000 over 500 steps success=1
Eval episode 586 finished with return 495.0000 over 500 steps success=1
Eval episode 587 finished with return 495.0000 over 500 steps success=1
Eval episode 588 finished with return 495.0000 over 500 steps success=1
Eval episode 589 finished with return 495.0000 over 500 steps success=1
Eval episode 590 finished with return 495.0000 over 500 steps success=1
Eval episode 591 finished with return 495.0000 over 500 steps success=1
Eval episode 592 finished with return 495.0000 over 500 steps success=1
Eval episode 593 finished with return 495.0000 over 500 steps success=1
Eval episode 594 finished with return 495.0000 over 500 steps success=1
Eval episode 595 finished with return 495.0000 over 500 steps success=1
Eval episode 596 finished with return 495.0000 over 500 steps success=1
Eval episode 597 finished with return 495.0000 over 500 steps success=1
Eval episode 598 finished with return 495.0000 over 500 steps success=1
Eval episode 599 finished with return 495.0000 over 500 steps success=1
Eval episode 600 finished with return 495.0000 over 500 steps success=1
Eval episode 601 finished with return 495.0000 over 500 steps success=1
Eval episode 602 finished with return 495.0000 over 500 steps success=1
Eval episode 603 finished with return 495.0000 over 500 steps success=1
Eval episode 604 finished with return 495.0000 over 500 steps success=1
Eval episode 605 finished with return 495.0000 over 500 steps success=1
Eval episode 606 finished with return 495.0000 over 500 steps success=1
Eval episode 607 finished with return 495.0000 over 500 steps success=1
Eval episode 608 finished with return 495.0000 over 500 steps success=1
Eval episode 609 finished with return 495.0000 over 500 steps success=1
Eval episode 610 finished with return 495.0000 over 500 steps success=1
Eval episode 611 finished with return 495.0000 over 500 steps success=1
Eval episode 612 finished with return 495.0000 over 500 steps success=1
Eval episode 613 finished with return 495.0000 over 500 steps success=1
Eval episode 614 finished with return 495.0000 over 500 steps success=1
Eval episode 615 finished with return 495.0000 over 500 steps success=1
Eval episode 616 finished with return 495.0000 over 500 steps success=1
Eval episode 617 finished with return 495.0000 over 500 steps success=1
Eval episode 618 finished with return 495.0000 over 500 steps success=1
Eval episode 619 finished with return 495.0000 over 500 steps success=1
Eval episode 620 finished with return 495.0000 over 500 steps success=1
Eval episode 621 finished with return 495.0000 over 500 steps success=1
Eval episode 622 finished with return 495.0000 over 500 steps success=1
Eval episode 623 finished with return 495.0000 over 500 steps success=1
Eval episode 624 finished with return 495.0000 over 500 steps success=1
Eval episode 625 finished with return 495.0000 over 500 steps success=1
Eval episode 626 finished with return 495.0000 over 500 steps success=1
Eval episode 627 finished with return 495.0000 over 500 steps success=1
Eval episode 628 finished with return 495.0000 over 500 steps success=1
Eval episode 629 finished with return 495.0000 over 500 steps success=1
Eval episode 630 finished with return 495.0000 over 500 steps success=1
Eval episode 631 finished with return 495.0000 over 500 steps success=1
Eval episode 632 finished with return 495.0000 over 500 steps success=1
Eval episode 633 finished with return 495.0000 over 500 steps success=1
Eval episode 634 finished with return 495.0000 over 500 steps success=1
Eval episode 635 finished with return 495.0000 over 500 steps success=1
Eval episode 636 finished with return 495.0000 over 500 steps success=1
Eval episode 637 finished with return 495.0000 over 500 steps success=1
Eval episode 638 finished with return 495.0000 over 500 steps success=1
Eval episode 639 finished with return 495.0000 over 500 steps success=1
Eval episode 640 finished with return 495.0000 over 500 steps success=1
Eval episode 641 finished with return 495.0000 over 500 steps success=1
Eval episode 642 finished with return 495.0000 over 500 steps success=1
Eval episode 643 finished with return 495.0000 over 500 steps success=1
Eval episode 644 finished with return 495.0000 over 500 steps success=1
Eval episode 645 finished with return 495.0000 over 500 steps success=1
Eval episode 646 finished with return 495.0000 over 500 steps success=1
Eval episode 647 finished with return 495.0000 over 500 steps success=1
Eval episode 648 finished with return 495.0000 over 500 steps success=1
Eval episode 649 finished with return 495.0000 over 500 steps success=1
Eval episode 650 finished with return 495.0000 over 500 steps success=1
Eval episode 651 finished with return 495.0000 over 500 steps success=1
Eval episode 652 finished with return 495.0000 over 500 steps success=1
Eval episode 653 finished with return 495.0000 over 500 steps success=1
Eval episode 654 finished with return 495.0000 over 500 steps success=1
Eval episode 655 finished with return 495.0000 over 500 steps success=1
Eval episode 656 finished with return 495.0000 over 500 steps success=1
Eval episode 657 finished with return 495.0000 over 500 steps success=1
Eval episode 658 finished with return 495.0000 over 500 steps success=1
Eval episode 659 finished with return 495.0000 over 500 steps success=1
Eval episode 660 finished with return 495.0000 over 500 steps success=1
Eval episode 661 finished with return 495.0000 over 500 steps success=1
Eval episode 662 finished with return 495.0000 over 500 steps success=1
Eval episode 663 finished with return 495.0000 over 500 steps success=1
Eval episode 664 finished with return 495.0000 over 500 steps success=1
Eval episode 665 finished with return 495.0000 over 500 steps success=1
Eval episode 666 finished with return 495.0000 over 500 steps success=1
Eval episode 667 finished with return 495.0000 over 500 steps success=1
Eval episode 668 finished with return 495.0000 over 500 steps success=1
Eval episode 669 finished with return 495.0000 over 500 steps success=1
Eval episode 670 finished with return 495.0000 over 500 steps success=1
Eval episode 671 finished with return 495.0000 over 500 steps success=1
Eval episode 672 finished with return 495.0000 over 500 steps success=1
Eval episode 673 finished with return 495.0000 over 500 steps success=1
Eval episode 674 finished with return 495.0000 over 500 steps success=1
Eval episode 675 finished with return 495.0000 over 500 steps success=1
Eval episode 676 finished with return 495.0000 over 500 steps success=1
Eval episode 677 finished with return 495.0000 over 500 steps success=1
Eval episode 678 finished with return 495.0000 over 500 steps success=1
Eval episode 679 finished with return 495.0000 over 500 steps success=1
Eval episode 680 finished with return 495.0000 over 500 steps success=1
Eval episode 681 finished with return 495.0000 over 500 steps success=1
Eval episode 682 finished with return 495.0000 over 500 steps success=1
Eval episode 683 finished with return 495.0000 over 500 steps success=1
Eval episode 684 finished with return 495.0000 over 500 steps success=1
Eval episode 685 finished with return 495.0000 over 500 steps success=1
Eval episode 686 finished with return 495.0000 over 500 steps success=1
Eval episode 687 finished with return 495.0000 over 500 steps success=1
Eval episode 688 finished with return 495.0000 over 500 steps success=1
Eval episode 689 finished with return 495.0000 over 500 steps success=1
Eval episode 690 finished with return 495.0000 over 500 steps success=1
Eval episode 691 finished with return 495.0000 over 500 steps success=1
Eval episode 692 finished with return 495.0000 over 500 steps success=1
Eval episode 693 finished with return 495.0000 over 500 steps success=1
Eval episode 694 finished with return 495.0000 over 500 steps success=1
Eval episode 695 finished with return 495.0000 over 500 steps success=1
Eval episode 696 finished with return 495.0000 over 500 steps success=1
Eval episode 697 finished with return 495.0000 over 500 steps success=1
Eval episode 698 finished with return 495.0000 over 500 steps success=1
Eval episode 699 finished with return 495.0000 over 500 steps success=1
Eval episode 700 finished with return 495.0000 over 500 steps success=1
Eval episode 701 finished with return 495.0000 over 500 steps success=1
Eval episode 702 finished with return 495.0000 over 500 steps success=1
Eval episode 703 finished with return 495.0000 over 500 steps success=1
Eval episode 704 finished with return 495.0000 over 500 steps success=1
Eval episode 705 finished with return 495.0000 over 500 steps success=1
Eval episode 706 finished with return 495.0000 over 500 steps success=1
Eval episode 707 finished with return 495.0000 over 500 steps success=1
Eval episode 708 finished with return 495.0000 over 500 steps success=1
Eval episode 709 finished with return 495.0000 over 500 steps success=1
Eval episode 710 finished with return 495.0000 over 500 steps success=1
Eval episode 711 finished with return 495.0000 over 500 steps success=1
Eval episode 712 finished with return 495.0000 over 500 steps success=1
Eval episode 713 finished with return 495.0000 over 500 steps success=1
Eval episode 714 finished with return 495.0000 over 500 steps success=1
Eval episode 715 finished with return 495.0000 over 500 steps success=1
Eval episode 716 finished with return 495.0000 over 500 steps success=1
Eval episode 717 finished with return 495.0000 over 500 steps success=1
Eval episode 718 finished with return 495.0000 over 500 steps success=1
Eval episode 719 finished with return 495.0000 over 500 steps success=1
Eval episode 720 finished with return 495.0000 over 500 steps success=1
Eval episode 721 finished with return 495.0000 over 500 steps success=1
Eval episode 722 finished with return 495.0000 over 500 steps success=1
Eval episode 723 finished with return 495.0000 over 500 steps success=1
Eval episode 724 finished with return 495.0000 over 500 steps success=1
Eval episode 725 finished with return 495.0000 over 500 steps success=1
Eval episode 726 finished with return 495.0000 over 500 steps success=1
Eval episode 727 finished with return 495.0000 over 500 steps success=1
Eval episode 728 finished with return 495.0000 over 500 steps success=1
Eval episode 729 finished with return 495.0000 over 500 steps success=1
Eval episode 730 finished with return 495.0000 over 500 steps success=1
Eval episode 731 finished with return 495.0000 over 500 steps success=1
Eval episode 732 finished with return 495.0000 over 500 steps success=1
Eval episode 733 finished with return 495.0000 over 500 steps success=1
Eval episode 734 finished with return 495.0000 over 500 steps success=1
Eval episode 735 finished with return 495.0000 over 500 steps success=1
Eval episode 736 finished with return 495.0000 over 500 steps success=1
Eval episode 737 finished with return 495.0000 over 500 steps success=1
Eval episode 738 finished with return 495.0000 over 500 steps success=1
Eval episode 739 finished with return 495.0000 over 500 steps success=1
Eval episode 740 finished with return 495.0000 over 500 steps success=1
Eval episode 741 finished with return 495.0000 over 500 steps success=1
Eval episode 742 finished with return 495.0000 over 500 steps success=1
Eval episode 743 finished with return 495.0000 over 500 steps success=1
Eval episode 744 finished with return 495.0000 over 500 steps success=1
Eval episode 745 finished with return 495.0000 over 500 steps success=1
Eval episode 746 finished with return 495.0000 over 500 steps success=1
Eval episode 747 finished with return 495.0000 over 500 steps success=1
Eval episode 748 finished with return 495.0000 over 500 steps success=1
Eval episode 749 finished with return 495.0000 over 500 steps success=1
Eval episode 750 finished with return 495.0000 over 500 steps success=1
Eval episode 751 finished with return 495.0000 over 500 steps success=1
Eval episode 752 finished with return 495.0000 over 500 steps success=1
Eval episode 753 finished with return 495.0000 over 500 steps success=1
Eval episode 754 finished with return 495.0000 over 500 steps success=1
Eval episode 755 finished with return 495.0000 over 500 steps success=1
Eval episode 756 finished with return 495.0000 over 500 steps success=1
Eval episode 757 finished with return 495.0000 over 500 steps success=1
Eval episode 758 finished with return 495.0000 over 500 steps success=1
Eval episode 759 finished with return 495.0000 over 500 steps success=1
Eval episode 760 finished with return 495.0000 over 500 steps success=1
Eval episode 761 finished with return 495.0000 over 500 steps success=1
Eval episode 762 finished with return 495.0000 over 500 steps success=1
Eval episode 763 finished with return 495.0000 over 500 steps success=1
Eval episode 764 finished with return 495.0000 over 500 steps success=1
Eval episode 765 finished with return 495.0000 over 500 steps success=1
Eval episode 766 finished with return 495.0000 over 500 steps success=1
Eval episode 767 finished with return 495.0000 over 500 steps success=1
Eval episode 768 finished with return 495.0000 over 500 steps success=1
Eval episode 769 finished with return 495.0000 over 500 steps success=1
Eval episode 770 finished with return 495.0000 over 500 steps success=1
Eval episode 771 finished with return 495.0000 over 500 steps success=1
Eval episode 772 finished with return 495.0000 over 500 steps success=1
Eval episode 773 finished with return 495.0000 over 500 steps success=1
Eval episode 774 finished with return 495.0000 over 500 steps success=1
Eval episode 775 finished with return 495.0000 over 500 steps success=1
Eval episode 776 finished with return 495.0000 over 500 steps success=1
Eval episode 777 finished with return 495.0000 over 500 steps success=1
Eval episode 778 finished with return 495.0000 over 500 steps success=1
Eval episode 779 finished with return 495.0000 over 500 steps success=1
Eval episode 780 finished with return 495.0000 over 500 steps success=1
Eval episode 781 finished with return 495.0000 over 500 steps success=1
Eval episode 782 finished with return 495.0000 over 500 steps success=1
Eval episode 783 finished with return 495.0000 over 500 steps success=1
Eval episode 784 finished with return 495.0000 over 500 steps success=1
Eval episode 785 finished with return 495.0000 over 500 steps success=1
Eval episode 786 finished with return 495.0000 over 500 steps success=1
Eval episode 787 finished with return 495.0000 over 500 steps success=1
Eval episode 788 finished with return 495.0000 over 500 steps success=1
Eval episode 789 finished with return 495.0000 over 500 steps success=1
Eval episode 790 finished with return 495.0000 over 500 steps success=1
Eval episode 791 finished with return 495.0000 over 500 steps success=1
Eval episode 792 finished with return 495.0000 over 500 steps success=1
Eval episode 793 finished with return 495.0000 over 500 steps success=1
Eval episode 794 finished with return 495.0000 over 500 steps success=1
Eval episode 795 finished with return 495.0000 over 500 steps success=1
Eval episode 796 finished with return 495.0000 over 500 steps success=1
Eval episode 797 finished with return 495.0000 over 500 steps success=1
Eval episode 798 finished with return 495.0000 over 500 steps success=1
Eval episode 799 finished with return 495.0000 over 500 steps success=1
Eval episode 800 finished with return 495.0000 over 500 steps success=1
Eval episode 801 finished with return 495.0000 over 500 steps success=1
Eval episode 802 finished with return 495.0000 over 500 steps success=1
Eval episode 803 finished with return 495.0000 over 500 steps success=1
Eval episode 804 finished with return 495.0000 over 500 steps success=1
Eval episode 805 finished with return 495.0000 over 500 steps success=1
Eval episode 806 finished with return 495.0000 over 500 steps success=1
Eval episode 807 finished with return 495.0000 over 500 steps success=1
Eval episode 808 finished with return 495.0000 over 500 steps success=1
Eval episode 809 finished with return 495.0000 over 500 steps success=1
Eval episode 810 finished with return 495.0000 over 500 steps success=1
Eval episode 811 finished with return 495.0000 over 500 steps success=1
Eval episode 812 finished with return 495.0000 over 500 steps success=1
Eval episode 813 finished with return 495.0000 over 500 steps success=1
Eval episode 814 finished with return 495.0000 over 500 steps success=1
Eval episode 815 finished with return 495.0000 over 500 steps success=1
Eval episode 816 finished with return 495.0000 over 500 steps success=1
Eval episode 817 finished with return 495.0000 over 500 steps success=1
Eval episode 818 finished with return 495.0000 over 500 steps success=1
Eval episode 819 finished with return 495.0000 over 500 steps success=1
Eval episode 820 finished with return 495.0000 over 500 steps success=1
Eval episode 821 finished with return 495.0000 over 500 steps success=1
Eval episode 822 finished with return 495.0000 over 500 steps success=1
Eval episode 823 finished with return 495.0000 over 500 steps success=1
Eval episode 824 finished with return 495.0000 over 500 steps success=1
Eval episode 825 finished with return 495.0000 over 500 steps success=1
Eval episode 826 finished with return 495.0000 over 500 steps success=1
Eval episode 827 finished with return 495.0000 over 500 steps success=1
Eval episode 828 finished with return 495.0000 over 500 steps success=1
Eval episode 829 finished with return 495.0000 over 500 steps success=1
Eval episode 830 finished with return 495.0000 over 500 steps success=1
Eval episode 831 finished with return 495.0000 over 500 steps success=1
Eval episode 832 finished with return 495.0000 over 500 steps success=1
Eval episode 833 finished with return 495.0000 over 500 steps success=1
Eval episode 834 finished with return 495.0000 over 500 steps success=1
Eval episode 835 finished with return 495.0000 over 500 steps success=1
Eval episode 836 finished with return 495.0000 over 500 steps success=1
Eval episode 837 finished with return 495.0000 over 500 steps success=1
Eval episode 838 finished with return 495.0000 over 500 steps success=1
Eval episode 839 finished with return 495.0000 over 500 steps success=1
Eval episode 840 finished with return 495.0000 over 500 steps success=1
Eval episode 841 finished with return 495.0000 over 500 steps success=1
Eval episode 842 finished with return 495.0000 over 500 steps success=1
Eval episode 843 finished with return 495.0000 over 500 steps success=1
Eval episode 844 finished with return 495.0000 over 500 steps success=1
Eval episode 845 finished with return 495.0000 over 500 steps success=1
Eval episode 846 finished with return 495.0000 over 500 steps success=1
Eval episode 847 finished with return 495.0000 over 500 steps success=1
Eval episode 848 finished with return 495.0000 over 500 steps success=1
Eval episode 849 finished with return 495.0000 over 500 steps success=1
Eval episode 850 finished with return 495.0000 over 500 steps success=1
Eval episode 851 finished with return 495.0000 over 500 steps success=1
Eval episode 852 finished with return 495.0000 over 500 steps success=1
Eval episode 853 finished with return 495.0000 over 500 steps success=1
Eval episode 854 finished with return 495.0000 over 500 steps success=1
Eval episode 855 finished with return 495.0000 over 500 steps success=1
Eval episode 856 finished with return 495.0000 over 500 steps success=1
Eval episode 857 finished with return 495.0000 over 500 steps success=1
Eval episode 858 finished with return 495.0000 over 500 steps success=1
Eval episode 859 finished with return 495.0000 over 500 steps success=1
Eval episode 860 finished with return 495.0000 over 500 steps success=1
Eval episode 861 finished with return 495.0000 over 500 steps success=1
Eval episode 862 finished with return 495.0000 over 500 steps success=1
Eval episode 863 finished with return 495.0000 over 500 steps success=1
Eval episode 864 finished with return 495.0000 over 500 steps success=1
Eval episode 865 finished with return 495.0000 over 500 steps success=1
Eval episode 866 finished with return 495.0000 over 500 steps success=1
Eval episode 867 finished with return 495.0000 over 500 steps success=1
Eval episode 868 finished with return 495.0000 over 500 steps success=1
Eval episode 869 finished with return 495.0000 over 500 steps success=1
Eval episode 870 finished with return 495.0000 over 500 steps success=1
Eval episode 871 finished with return 495.0000 over 500 steps success=1
Eval episode 872 finished with return 495.0000 over 500 steps success=1
Eval episode 873 finished with return 495.0000 over 500 steps success=1
Eval episode 874 finished with return 495.0000 over 500 steps success=1
Eval episode 875 finished with return 495.0000 over 500 steps success=1
Eval episode 876 finished with return 495.0000 over 500 steps success=1
Eval episode 877 finished with return 495.0000 over 500 steps success=1
Eval episode 878 finished with return 495.0000 over 500 steps success=1
Eval episode 879 finished with return 495.0000 over 500 steps success=1
Eval episode 880 finished with return 495.0000 over 500 steps success=1
Eval episode 881 finished with return 495.0000 over 500 steps success=1
Eval episode 882 finished with return 495.0000 over 500 steps success=1
Eval episode 883 finished with return 495.0000 over 500 steps success=1
Eval episode 884 finished with return 495.0000 over 500 steps success=1
Eval episode 885 finished with return 495.0000 over 500 steps success=1
Eval episode 886 finished with return 495.0000 over 500 steps success=1
Eval episode 887 finished with return 495.0000 over 500 steps success=1
Eval episode 888 finished with return 495.0000 over 500 steps success=1
Eval episode 889 finished with return 495.0000 over 500 steps success=1
Eval episode 890 finished with return 495.0000 over 500 steps success=1
Eval episode 891 finished with return 495.0000 over 500 steps success=1
Eval episode 892 finished with return 495.0000 over 500 steps success=1
Eval episode 893 finished with return 495.0000 over 500 steps success=1
Eval episode 894 finished with return 495.0000 over 500 steps success=1
Eval episode 895 finished with return 495.0000 over 500 steps success=1
Eval episode 896 finished with return 495.0000 over 500 steps success=1
Eval episode 897 finished with return 495.0000 over 500 steps success=1
Eval episode 898 finished with return 495.0000 over 500 steps success=1
Eval episode 899 finished with return 495.0000 over 500 steps success=1
Eval episode 900 finished with return 495.0000 over 500 steps success=1
Eval episode 901 finished with return 495.0000 over 500 steps success=1
Eval episode 902 finished with return 495.0000 over 500 steps success=1
Eval episode 903 finished with return 495.0000 over 500 steps success=1
Eval episode 904 finished with return 495.0000 over 500 steps success=1
Eval episode 905 finished with return 495.0000 over 500 steps success=1
Eval episode 906 finished with return 495.0000 over 500 steps success=1
Eval episode 907 finished with return 495.0000 over 500 steps success=1
Eval episode 908 finished with return 495.0000 over 500 steps success=1
Eval episode 909 finished with return 495.0000 over 500 steps success=1
Eval episode 910 finished with return 495.0000 over 500 steps success=1
Eval episode 911 finished with return 495.0000 over 500 steps success=1
Eval episode 912 finished with return 495.0000 over 500 steps success=1
Eval episode 913 finished with return 495.0000 over 500 steps success=1
Eval episode 914 finished with return 495.0000 over 500 steps success=1
Eval episode 915 finished with return 495.0000 over 500 steps success=1
Eval episode 916 finished with return 495.0000 over 500 steps success=1
Eval episode 917 finished with return 495.0000 over 500 steps success=1
Eval episode 918 finished with return 495.0000 over 500 steps success=1
Eval episode 919 finished with return 495.0000 over 500 steps success=1
Eval episode 920 finished with return 495.0000 over 500 steps success=1
Eval episode 921 finished with return 495.0000 over 500 steps success=1
Eval episode 922 finished with return 495.0000 over 500 steps success=1
Eval episode 923 finished with return 495.0000 over 500 steps success=1
Eval episode 924 finished with return 495.0000 over 500 steps success=1
Eval episode 925 finished with return 495.0000 over 500 steps success=1
Eval episode 926 finished with return 495.0000 over 500 steps success=1
Eval episode 927 finished with return 495.0000 over 500 steps success=1
Eval episode 928 finished with return 495.0000 over 500 steps success=1
Eval episode 929 finished with return 495.0000 over 500 steps success=1
Eval episode 930 finished with return 495.0000 over 500 steps success=1
Eval episode 931 finished with return 495.0000 over 500 steps success=1
Eval episode 932 finished with return 495.0000 over 500 steps success=1
Eval episode 933 finished with return 495.0000 over 500 steps success=1
Eval episode 934 finished with return 495.0000 over 500 steps success=1
Eval episode 935 finished with return 495.0000 over 500 steps success=1
Eval episode 936 finished with return 495.0000 over 500 steps success=1
Eval episode 937 finished with return 495.0000 over 500 steps success=1
Eval episode 938 finished with return 495.0000 over 500 steps success=1
Eval episode 939 finished with return 495.0000 over 500 steps success=1
Eval episode 940 finished with return 495.0000 over 500 steps success=1
Eval episode 941 finished with return 495.0000 over 500 steps success=1
Eval episode 942 finished with return 495.0000 over 500 steps success=1
Eval episode 943 finished with return 495.0000 over 500 steps success=1
Eval episode 944 finished with return 495.0000 over 500 steps success=1
Eval episode 945 finished with return 495.0000 over 500 steps success=1
Eval episode 946 finished with return 495.0000 over 500 steps success=1
Eval episode 947 finished with return 495.0000 over 500 steps success=1
Eval episode 948 finished with return 495.0000 over 500 steps success=1
Eval episode 949 finished with return 495.0000 over 500 steps success=1
Eval episode 950 finished with return 495.0000 over 500 steps success=1
Eval episode 951 finished with return 495.0000 over 500 steps success=1
Eval episode 952 finished with return 495.0000 over 500 steps success=1
Eval episode 953 finished with return 495.0000 over 500 steps success=1
Eval episode 954 finished with return 495.0000 over 500 steps success=1
Eval episode 955 finished with return 495.0000 over 500 steps success=1
Eval episode 956 finished with return 495.0000 over 500 steps success=1
Eval episode 957 finished with return 495.0000 over 500 steps success=1
Eval episode 958 finished with return 495.0000 over 500 steps success=1
Eval episode 959 finished with return 495.0000 over 500 steps success=1
Eval episode 960 finished with return 495.0000 over 500 steps success=1
Eval episode 961 finished with return 495.0000 over 500 steps success=1
Eval episode 962 finished with return 495.0000 over 500 steps success=1
Eval episode 963 finished with return 495.0000 over 500 steps success=1
Eval episode 964 finished with return 495.0000 over 500 steps success=1
Eval episode 965 finished with return 495.0000 over 500 steps success=1
Eval episode 966 finished with return 495.0000 over 500 steps success=1
Eval episode 967 finished with return 495.0000 over 500 steps success=1
Eval episode 968 finished with return 495.0000 over 500 steps success=1
Eval episode 969 finished with return 495.0000 over 500 steps success=1
Eval episode 970 finished with return 495.0000 over 500 steps success=1
Eval episode 971 finished with return 495.0000 over 500 steps success=1
Eval episode 972 finished with return 495.0000 over 500 steps success=1
Eval episode 973 finished with return 495.0000 over 500 steps success=1
Eval episode 974 finished with return 495.0000 over 500 steps success=1
Eval episode 975 finished with return 495.0000 over 500 steps success=1
Eval episode 976 finished with return 495.0000 over 500 steps success=1
Eval episode 977 finished with return 495.0000 over 500 steps success=1
Eval episode 978 finished with return 495.0000 over 500 steps success=1
Eval episode 979 finished with return 495.0000 over 500 steps success=1
Eval episode 980 finished with return 495.0000 over 500 steps success=1
Eval episode 981 finished with return 495.0000 over 500 steps success=1
Eval episode 982 finished with return 495.0000 over 500 steps success=1
Eval episode 983 finished with return 495.0000 over 500 steps success=1
Eval episode 984 finished with return 495.0000 over 500 steps success=1
Eval episode 985 finished with return 495.0000 over 500 steps success=1
Eval episode 986 finished with return 495.0000 over 500 steps success=1
Eval episode 987 finished with return 495.0000 over 500 steps success=1
Eval episode 988 finished with return 495.0000 over 500 steps success=1
Eval episode 989 finished with return 495.0000 over 500 steps success=1
Eval episode 990 finished with return 495.0000 over 500 steps success=1
Eval episode 991 finished with return 495.0000 over 500 steps success=1
Eval episode 992 finished with return 495.0000 over 500 steps success=1
Eval episode 993 finished with return 495.0000 over 500 steps success=1
Eval episode 994 finished with return 495.0000 over 500 steps success=1
Eval episode 995 finished with return 495.0000 over 500 steps success=1
Eval episode 996 finished with return 495.0000 over 500 steps success=1
Eval episode 997 finished with return 495.0000 over 500 steps success=1
Eval episode 998 finished with return 495.0000 over 500 steps success=1
Eval episode 999 finished with return 495.0000 over 500 steps success=1
Eval episode 1000 finished with return 495.0000 over 500 steps success=1
Eval summary: success_rate=1.0000 (1000/1000), visualized=10
Saved eval summary: /home/y/Simer/exam/train_dmcontrol_dreamerv3_ball_in_cup_release_30k/output/eval/step_0030000/eval_summary.json
Saved checkpoint: policy.ckpt
Saved final checkpoint: policy.ckpt
Saved metrics CSV: /home/y/Simer/exam/train_dmcontrol_dreamerv3_ball_in_cup_release_30k/output/metrics.csv
Saved policy metrics JSONL: /home/y/Simer/exam/train_dmcontrol_dreamerv3_ball_in_cup_release_30k/output/policy_metrics.jsonl
Saved metric plots:
  /home/y/Simer/exam/train_dmcontrol_dreamerv3_ball_in_cup_release_30k/output/plots/episode_index.png
  /home/y/Simer/exam/train_dmcontrol_dreamerv3_ball_in_cup_release_30k/output/plots/episode_return.png
  /home/y/Simer/exam/train_dmcontrol_dreamerv3_ball_in_cup_release_30k/output/plots/episode_length.png
  /home/y/Simer/exam/train_dmcontrol_dreamerv3_ball_in_cup_release_30k/output/plots/fps.png
  /home/y/Simer/exam/train_dmcontrol_dreamerv3_ball_in_cup_release_30k/output/plots/policy/model_loss.png
  /home/y/Simer/exam/train_dmcontrol_dreamerv3_ball_in_cup_release_30k/output/plots/policy/recon_loss.png
  /home/y/Simer/exam/train_dmcontrol_dreamerv3_ball_in_cup_release_30k/output/plots/policy/reward_loss.png
  /home/y/Simer/exam/train_dmcontrol_dreamerv3_ball_in_cup_release_30k/output/plots/policy/continue_loss.png
  /home/y/Simer/exam/train_dmcontrol_dreamerv3_ball_in_cup_release_30k/output/plots/policy/kl_loss.png
  /home/y/Simer/exam/train_dmcontrol_dreamerv3_ball_in_cup_release_30k/output/plots/policy/dynamics_kl_loss.png
  /home/y/Simer/exam/train_dmcontrol_dreamerv3_ball_in_cup_release_30k/output/plots/policy/representation_kl_loss.png
  /home/y/Simer/exam/train_dmcontrol_dreamerv3_ball_in_cup_release_30k/output/plots/policy/actor_loss.png
  /home/y/Simer/exam/train_dmcontrol_dreamerv3_ball_in_cup_release_30k/output/plots/policy/value_loss.png
  /home/y/Simer/exam/train_dmcontrol_dreamerv3_ball_in_cup_release_30k/output/plots/policy/repval_loss.png
  /home/y/Simer/exam/train_dmcontrol_dreamerv3_ball_in_cup_release_30k/output/plots/policy/slowreg_loss.png
  /home/y/Simer/exam/train_dmcontrol_dreamerv3_ball_in_cup_release_30k/output/plots/policy/imagined_return.png
  /home/y/Simer/exam/train_dmcontrol_dreamerv3_ball_in_cup_release_30k/output/plots/policy/value_pred.png
  /home/y/Simer/exam/train_dmcontrol_dreamerv3_ball_in_cup_release_30k/output/plots/policy/return_norm_mean.png
  /home/y/Simer/exam/train_dmcontrol_dreamerv3_ball_in_cup_release_30k/output/plots/policy/return_norm_std.png
  /home/y/Simer/exam/train_dmcontrol_dreamerv3_ball_in_cup_release_30k/output/plots/policy/adv_norm_mean.png
  /home/y/Simer/exam/train_dmcontrol_dreamerv3_ball_in_cup_release_30k/output/plots/policy/adv_norm_std.png
  /home/y/Simer/exam/train_dmcontrol_dreamerv3_ball_in_cup_release_30k/output/plots/policy/entropy.png
  /home/y/Simer/exam/train_dmcontrol_dreamerv3_ball_in_cup_release_30k/output/plots/policy/num_updates.png
  /home/y/Simer/exam/train_dmcontrol_dreamerv3_ball_in_cup_release_30k/output/plots/policy/train_budget.png
